Elo Rank,Player,Age,Elo,,hElo Rank,hElo,cElo Rank,cElo,gElo Rank,gElo,,Peak Elo,Peak Month,,ATP Rank,Log diff
1,Jannik Sinner (https://www.tennisabstract.com/cgi-bin/player.cgi?p=JannikSinner),23.4,2224.8,,1,2190.5,3,2050,3,1983.3,,2324.8,2025-01,,1,0
2,Novak Djokovic (https://www.tennisabstract.com/cgi-bin/player.cgi?p=NovakDjokovic),37.7,2185.9,,2,2136.5,2,2093.9,2,2048.4,,2470.4,2016-03,,7,-1.25
3,Carlos Alcaraz (https://www.tennisabstract.com/cgi-bin/player.cgi?p=CarlosAlcaraz),21.7,2152.2,,3,2083.2,1,2109.9,1,2065.4,,2239.3,2023-08,,3,0
4,Alexander Zverev (https://www.tennisabstract.com/cgi-bin/player.cgi?p=AlexanderZverev),27.8,2064.5,,4,2024.4,4,1999,5,1875.5,,2161.5,2022-01,,2,0.69
5,Jack Draper (https://www.tennisabstract.com/cgi-bin/player.cgi?p=JackDraper),23.1,2035.5,,5,1981.9,27,1797.1,8,1858.9,,2055.5,2025-02,,14,-1.03
6,Daniil Medvedev (https://www.tennisabstract.com/cgi-bin/player.cgi?p=DaniilMedvedev),29,2014,,6,1972.9,8,1924.7,4,1888,,2191.6,2022-01,,6,0
7,Grigor Dimitrov (https://www.tennisabstract.com/cgi-bin/player.cgi?p=GrigorDimitrov),33.7,2011.4,,8,1962.3,10,1909.4,11,1834.5,,2091,2014-08,,15,-0.76
8,Tomas Machac (https://www.tennisabstract.com/cgi-bin/player.cgi?p=TomasMachac),24.3,2006.6,,7,1967.1,17,1857,24,1749.5,,2006.6,2025-02,,20,-0.92
9,Taylor Fritz (https://www.tennisabstract.com/cgi-bin/player.cgi?p=TaylorFritz),27.2,2003.8,,9,1950.5,9,1915.6,7,1865.7,,2040.8,2023-04,,4,0.81
10,Tommy Paul (https://www.tennisabstract.com/cgi-bin/player.cgi?p=TommyPaul),27.7,1977.6,,10,1922.9,15,1871.9,6,1874,,2010,2024-07,,11,-0.1
11,Stefanos Tsitsipas (https://www.tennisabstract.com/cgi-bin/player.cgi?p=StefanosTsitsipas),26.5,1953.8,,14,1893.3,5,1976.9,17,1778,,2133.3,2021-05,,9,0.2
12,Alex De Minaur (https://www.tennisabstract.com/cgi-bin/player.cgi?p=AlexDeMinaur),26,1953.4,,12,1901.2,20,1824.2,13,1805.4,,2038,2024-06,,10,0.18
13,Ugo Humbert (https://www.tennisabstract.com/cgi-bin/player.cgi?p=UgoHumbert),26.6,1946,,11,1922.4,28,1789.7,16,1779.2,,2009.4,2024-03,,19,-0.38
14,Matteo Berrettini (https://www.tennisabstract.com/cgi-bin/player.cgi?p=MatteoBerrettini),28.8,1942.7,,24,1855.1,6,1942.7,10,1850.8,,2072.3,2022-07,,29,-0.73
15,Hubert Hurkacz (https://www.tennisabstract.com/cgi-bin/player.cgi?p=HubertHurkacz),27.9,1939.5,,18,1875.2,14,1881.9,9,1853.9,,2023.2,2024-08,,22,-0.38
16,Felix Auger Aliassime (https://www.tennisabstract.com/cgi-bin/player.cgi?p=FelixAugerAliassime),24.5,1933.7,,17,1879.8,16,1871.2,21,1760.9,,2052.8,2022-10,,18,-0.12
17,Casper Ruud (https://www.tennisabstract.com/cgi-bin/player.cgi?p=CasperRuud),26.1,1932.9,,20,1867.7,7,1942.3,47,1684.7,,2063.7,2022-05,,5,1.22
18,Holger Rune (https://www.tennisabstract.com/cgi-bin/player.cgi?p=HolgerRune),21.8,1932.1,,15,1882.8,12,1891.8,14,1796.1,,2069.4,2023-05,,13,0.33
19,Gael Monfils (https://www.tennisabstract.com/cgi-bin/player.cgi?p=GaelMonfils),38.4,1927.4,,13,1896.9,52,1731.9,32,1722.4,,2068,2015-04,,42,-0.79
20,Andrey Rublev (https://www.tennisabstract.com/cgi-bin/player.cgi?p=AndreyRublev),27.3,1921.1,,16,1880.9,13,1891.7,15,1793.7,,2106.1,2021-04,,8,0.92
21,Jiri Lehecka (https://www.tennisabstract.com/cgi-bin/player.cgi?p=JiriLehecka),23.2,1915.6,,19,1869.5,35,1762.4,37,1711.2,,1937.3,2025-02,,24,-0.13
22,Denis Shapovalov (https://www.tennisabstract.com/cgi-bin/player.cgi?p=DenisShapovalov),25.8,1910.4,,21,1867.6,25,1810,26,1736.3,,1970.2,2020-01,,28,-0.24
23,Lorenzo Musetti (https://www.tennisabstract.com/cgi-bin/player.cgi?p=LorenzoMusetti),22.9,1906.6,,32,1803.4,11,1895.7,12,1832.6,,1972.5,2024-08,,16,0.36
24,Ben Shelton (https://www.tennisabstract.com/cgi-bin/player.cgi?p=BenShelton),22.3,1902.7,,22,1858.8,40,1751.1,33,1718.9,,1960.4,2024-10,,12,0.69
25,Joao Fonseca (https://www.tennisabstract.com/cgi-bin/player.cgi?p=JoaoFonseca),18.4,1897.1,,23,1857,26,1800.8,73,1628.6,,1928.7,2025-02,,80,-1.16
26,Thanasi Kokkinakis (https://www.tennisabstract.com/cgi-bin/player.cgi?p=ThanasiKokkinakis),28.7,1897.1,,25,1851.9,34,1774.9,53,1666.3,,1905.3,2025-01,,86,-1.2
27,Tallon Griekspoor (https://www.tennisabstract.com/cgi-bin/player.cgi?p=TallonGriekspoor),28.6,1880.2,,28,1827.5,29,1787.5,18,1769.5,,1925.2,2022-01,,43,-0.47
28,Jordan Thompson (https://www.tennisabstract.com/cgi-bin/player.cgi?p=JordanThompson),30.7,1876.3,,26,1837.5,99,1646.5,20,1763.2,,1887.7,2025-01,,38,-0.31
29,Karen Khachanov (https://www.tennisabstract.com/cgi-bin/player.cgi?p=KarenKhachanov),28.7,1872.6,,29,1827.4,22,1820.8,42,1687.9,,2015.2,2018-10,,23,0.23
30,Sebastian Korda (https://www.tennisabstract.com/cgi-bin/player.cgi?p=SebastianKorda),24.6,1869.1,,31,1809.5,50,1733.9,19,1764.2,,2005,2023-01,,25,0.18
31,Alejandro Davidovich Fokina (https://www.tennisabstract.com/cgi-bin/player.cgi?p=AlejandroDavidovichFokina),25.7,1866.5,,27,1830.6,31,1781.4,55,1661.8,,1928.3,2021-05,,39,-0.23
32,Learner Tien (https://www.tennisabstract.com/cgi-bin/player.cgi?p=LearnerTien),19.2,1859.7,,30,1816.9,201,1506.8,71,1629.9,,1874.5,2025-02,,68,-0.75
33,Arthur Fils (https://www.tennisabstract.com/cgi-bin/player.cgi?p=ArthurFils),20.7,1855.7,,36,1797.7,24,1817.5,28,1734.8,,1920,2024-10,,21,0.45
34,Rafael Nadal (https://www.tennisabstract.com/cgi-bin/player.cgi?p=RafaelNadal),38.4,1855.2,,48,1765.7,23,1817.7,50,1677.6,,2370.4,2009-05,,,
35,Francisco Cerundolo (https://www.tennisabstract.com/cgi-bin/player.cgi?p=FranciscoCerundolo),26.5,1848.5,,50,1765.1,18,1843.1,49,1681.4,,1938.1,2023-07,,26,0.3
36,Jakub Mensik (https://www.tennisabstract.com/cgi-bin/player.cgi?p=JakubMensik),19.4,1844.2,,35,1797.9,36,1762,76,1623.1,,1912.2,2024-10,,57,-0.46
37,Alex Michelsen (https://www.tennisabstract.com/cgi-bin/player.cgi?p=AlexMichelsen),20.5,1840.7,,34,1802.4,127,1600.4,38,1706.8,,1881.9,2025-01,,32,0.15
38,Jan Lennard Struff (https://www.tennisabstract.com/cgi-bin/player.cgi?p=JanLennardStruff),34.8,1840.5,,58,1741.4,19,1835.5,27,1735.2,,1925.7,2024-07,,46,-0.19
39,Yoshihito Nishioka (https://www.tennisabstract.com/cgi-bin/player.cgi?p=YoshihitoNishioka),29.3,1838.2,,33,1803.3,66,1709.9,58,1659.2,,1891.8,2023-01,,65,-0.51
40,Giovanni Mpetshi Perricard (https://www.tennisabstract.com/cgi-bin/player.cgi?p=GiovanniMpetshiPerricard),21.6,1837.1,,38,1786.2,60,1714.9,31,1725.6,,1865,2024-12,,30,0.29
41,Marcos Giron (https://www.tennisabstract.com/cgi-bin/player.cgi?p=MarcosGiron),31.5,1834.3,,37,1789.6,78,1675.7,23,1752.1,,1849.2,2025-02,,48,-0.16
42,Frances Tiafoe (https://www.tennisabstract.com/cgi-bin/player.cgi?p=FrancesTiafoe),27,1827.8,,40,1783.2,42,1745.9,25,1746.4,,1959.8,2023-06,,17,0.9
43,Juncheng Shang (https://www.tennisabstract.com/cgi-bin/player.cgi?p=JunchengShang),19.9,1823.4,,42,1778.1,76,1679.5,43,1686.9,,1902.7,2024-09,,55,-0.25
44,Nishesh Basavareddy (https://www.tennisabstract.com/cgi-bin/player.cgi?p=NisheshBasavareddy),19.8,1822.8,,39,1785.2,183,1521.4,83,1611.4,,1847.9,2025-01,,101,-0.83
45,Miomir Kecmanovic (https://www.tennisabstract.com/cgi-bin/player.cgi?p=MiomirKecmanovic),25.4,1817.7,,51,1762.9,38,1759,52,1675.6,,1895.2,2022-04,,49,-0.09
46,Zizou Bergs (https://www.tennisabstract.com/cgi-bin/player.cgi?p=ZizouBergs),25.7,1817.2,,49,1765.3,49,1735.2,45,1685.7,,1840.3,2025-02,,53,-0.14
47,Alexei Popyrin (https://www.tennisabstract.com/cgi-bin/player.cgi?p=AlexeiPopyrin),25.5,1816.7,,52,1762.3,41,1750.6,51,1676.3,,1893.4,2024-08,,27,0.55
48,Hamad Medjedovic (https://www.tennisabstract.com/cgi-bin/player.cgi?p=HamadMedjedovic),21.5,1816.4,,41,1778.7,46,1741.8,61,1652,,1820.9,2024-05,,72,-0.41
49,Flavio Cobolli (https://www.tennisabstract.com/cgi-bin/player.cgi?p=FlavioCobolli),22.8,1815.6,,44,1771.2,47,1739.1,84,1611.1,,1881.7,2024-12,,40,0.2
50,Nuno Borges (https://www.tennisabstract.com/cgi-bin/player.cgi?p=NunoBorges),28,1811.1,,46,1769.9,39,1751.5,97,1587.8,,1832.3,2025-01,,36,0.33
51,Matteo Arnaldi (https://www.tennisabstract.com/cgi-bin/player.cgi?p=MatteoArnaldi),24,1806.6,,53,1760.4,33,1775.4,65,1642.6,,1886.8,2024-06,,35,0.38
52,Reilly Opelka (https://www.tennisabstract.com/cgi-bin/player.cgi?p=ReillyOpelka),27.4,1805.3,,43,1773.2,45,1742.2,66,1640.8,,1936.4,2022-04,,114,-0.78
53,Pablo Carreno Busta (https://www.tennisabstract.com/cgi-bin/player.cgi?p=PabloCarrenoBusta),33.5,1801.3,,47,1765.8,30,1787.3,79,1618.9,,2001.9,2021-08,,112,-0.75
54,Jacob Fearnley (https://www.tennisabstract.com/cgi-bin/player.cgi?p=JacobFearnley),23.5,1799.5,,54,1759.6,196,1509.7,40,1692.4,,1900.4,2024-10,,81,-0.41
55,Brandon Nakashima (https://www.tennisabstract.com/cgi-bin/player.cgi?p=BrandonNakashima),23.5,1797.8,,55,1751.7,56,1724.4,41,1691.3,,1897.5,2021-11,,33,0.51
56,Andy Murray (https://www.tennisabstract.com/cgi-bin/player.cgi?p=AndyMurray),37,1796.8,,56,1747.4,44,1742.8,22,1759.7,,2347.3,2017-01,,,
57,Sebastian Baez (https://www.tennisabstract.com/cgi-bin/player.cgi?p=SebastianBaez),24.1,1794.3,,112,1637.2,21,1824.1,111,1566.1,,1934.5,2022-07,,34,0.52
58,Quentin Halys (https://www.tennisabstract.com/cgi-bin/player.cgi?p=QuentinHalys),28.3,1788.3,,59,1739.5,70,1695.6,36,1711.3,,1796.2,2023-04,,59,-0.02
59,Marton Fucsovics (https://www.tennisabstract.com/cgi-bin/player.cgi?p=MartonFucsovics),33,1787.3,,62,1731.3,48,1738.5,30,1730.1,,1924.6,2021-03,,89,-0.41
60,Yibing Wu (https://www.tennisabstract.com/cgi-bin/player.cgi?p=YibingWu),24.9,1785.4,,45,1771,111,1635.7,102,1578.2,,1874.7,2023-03,,416,-1.94
61,Lorenzo Sonego (https://www.tennisabstract.com/cgi-bin/player.cgi?p=LorenzoSonego),29.7,1785.2,,57,1744.2,61,1713.3,56,1661,,1887.9,2021-05,,37,0.5
62,Laslo Djere (https://www.tennisabstract.com/cgi-bin/player.cgi?p=LasloDjere),29.7,1783.8,,75,1690.4,32,1779,94,1592.3,,1836,2023-09,,74,-0.18
63,Roman Safiullin (https://www.tennisabstract.com/cgi-bin/player.cgi?p=RomanSafiullin),27.5,1783.3,,60,1734.8,62,1712.1,44,1686.8,,1894.2,2024-01,,69,-0.09
64,Roberto Bautista Agut (https://www.tennisabstract.com/cgi-bin/player.cgi?p=RobertoBautistaAgut),36.8,1782.7,,65,1725.6,51,1732.8,29,1733.2,,2014.6,2016-02,,50,0.25
65,Christopher Oconnell (https://www.tennisabstract.com/cgi-bin/player.cgi?p=ChristopherOconnell),30.7,1779.8,,61,1734.4,79,1673,57,1659.5,,1820.5,2024-09,,75,-0.14
66,David Goffin (https://www.tennisabstract.com/cgi-bin/player.cgi?p=DavidGoffin),34.2,1770.7,,66,1725.2,58,1719.5,35,1714.2,,2038.8,2017-05,,56,0.16
67,Gabriel Diallo (https://www.tennisabstract.com/cgi-bin/player.cgi?p=GabrielDiallo),23.4,1769.4,,64,1728.6,117,1613.1,110,1567.3,,1800.8,2024-10,,88,-0.27
68,Tomas Martin Etcheverry (https://www.tennisabstract.com/cgi-bin/player.cgi?p=TomasMartinEtcheverry),25.6,1767.6,,70,1715.9,43,1743.5,135,1543.8,,1845.3,2023-05,,45,0.41
69,Cameron Norrie (https://www.tennisabstract.com/cgi-bin/player.cgi?p=CameronNorrie),29.5,1763.4,,63,1728.8,37,1761.3,48,1682,,2018.1,2022-08,,77,-0.11
70,Fabian Marozsan (https://www.tennisabstract.com/cgi-bin/player.cgi?p=FabianMarozsan),25.3,1761,,68,1721.5,77,1678.5,101,1579.3,,1854.4,2024-03,,54,0.26
71,Lucas Pouille (https://www.tennisabstract.com/cgi-bin/player.cgi?p=LucasPouille),30.9,1760.7,,67,1721.6,83,1667.5,46,1685.1,,1977.4,2017-06,,99,-0.33
72,Kei Nishikori (https://www.tennisabstract.com/cgi-bin/player.cgi?p=KeiNishikori),35.1,1754.5,,69,1716.9,104,1640.8,86,1610.1,,2210.8,2016-08,,76,-0.05
73,Alexandre Muller (https://www.tennisabstract.com/cgi-bin/player.cgi?p=AlexandreMuller),28,1753.7,,82,1681,57,1723.5,116,1562,,1774.7,2025-02,,44,0.51
74,Benjamin Bonzi (https://www.tennisabstract.com/cgi-bin/player.cgi?p=BenjaminBonzi),28.7,1747.9,,71,1714.3,122,1604.9,63,1650.1,,1816.2,2022-06,,62,0.18
75,Jaume Munar (https://www.tennisabstract.com/cgi-bin/player.cgi?p=JaumeMunar),27.7,1747.3,,91,1664.6,67,1708.3,137,1542.6,,1807.5,2022-08,,58,0.26
76,Zhizhen Zhang (https://www.tennisabstract.com/cgi-bin/player.cgi?p=ZhizhenZhang),28.3,1742.9,,87,1666.9,54,1727.8,77,1621,,1828.8,2024-09,,51,0.4
77,Marin Cilic (https://www.tennisabstract.com/cgi-bin/player.cgi?p=MarinCilic),36.4,1740.6,,76,1686.7,72,1683.5,39,1699.4,,2094.7,2010-02,,142,-0.61
78,Nicolas Jarry (https://www.tennisabstract.com/cgi-bin/player.cgi?p=NicolasJarry),29.3,1737.6,,78,1684.4,55,1724.8,70,1630.2,,1892.7,2023-10,,47,0.51
79,Alexander Bublik (https://www.tennisabstract.com/cgi-bin/player.cgi?p=AlexanderBublik),27.6,1734.8,,79,1684.4,87,1662.5,34,1717.7,,1880.3,2024-03,,82,-0.04
80,Kamil Majchrzak (https://www.tennisabstract.com/cgi-bin/player.cgi?p=KamilMajchrzak),29.1,1734.3,,74,1690.8,63,1711.5,59,1653.9,,1795.3,2024-06,,122,-0.42
81,Camilo Ugo Carabelli (https://www.tennisabstract.com/cgi-bin/player.cgi?p=CamiloUgoCarabelli),25.6,1732.8,,158,1560.5,53,1731.2,142,1536,,1743.6,2025-02,,61,0.28
82,Roberto Carballes Baena (https://www.tennisabstract.com/cgi-bin/player.cgi?p=RobertoCarballesBaena),31.9,1732.6,,89,1666.1,64,1711.5,118,1560.6,,1775.5,2024-10,,52,0.46
83,Emil Ruusuvuori (https://www.tennisabstract.com/cgi-bin/player.cgi?p=EmilRuusuvuori),25.9,1729.1,,72,1705.6,108,1636.4,69,1636.1,,1880.8,2023-06,,221,-0.98
84,Aleksandar Vukic (https://www.tennisabstract.com/cgi-bin/player.cgi?p=AleksandarVukic),28.8,1728,,83,1679.6,120,1608.2,62,1650.8,,1770.1,2025-01,,64,0.27
85,Botic Van De Zandschulp (https://www.tennisabstract.com/cgi-bin/player.cgi?p=BoticVanDeZandschulp),29.3,1727.8,,80,1683.2,73,1682,90,1603.2,,1928.6,2022-09,,85,0
86,Stan Wawrinka (https://www.tennisabstract.com/cgi-bin/player.cgi?p=StanWawrinka),39.8,1719.3,,77,1686,80,1672.8,87,1609.8,,2144.5,2016-01,,165,-0.65
87,Brandon Holt (https://www.tennisabstract.com/cgi-bin/player.cgi?p=BrandonHolt),26.8,1719.3,,81,1682.8,204,1499.5,127,1552.8,,1719.3,2025-02,,111,-0.24
88,Mattia Bellucci (https://www.tennisabstract.com/cgi-bin/player.cgi?p=MattiaBellucci),23.7,1718.2,,84,1674,155,1558.5,68,1639.4,,1802,2024-10,,70,0.23
89,Mackenzie Mcdonald (https://www.tennisabstract.com/cgi-bin/player.cgi?p=MackenzieMcdonald),29.8,1717.4,,73,1692.6,152,1561.9,80,1618.7,,1832.3,2023-03,,109,-0.2
90,Pedro Martinez (https://www.tennisabstract.com/cgi-bin/player.cgi?p=PedroMartinez),27.8,1709.1,,107,1640.1,68,1704.6,227,1471.2,,1821.9,2022-04,,41,0.79
91,Arthur Cazaux (https://www.tennisabstract.com/cgi-bin/player.cgi?p=ArthurCazaux),22.5,1708.1,,85,1672.3,162,1547.5,114,1562.3,,1801.3,2024-02,,113,-0.22
92,Raphael Collignon (https://www.tennisabstract.com/cgi-bin/player.cgi?p=RaphaelCollignon),23.1,1706.9,,92,1663.2,92,1655.4,121,1558.2,,1740.4,2024-11,,92,0
93,Fabio Fognini (https://www.tennisabstract.com/cgi-bin/player.cgi?p=FabioFognini),37.4,1706.8,,126,1615,65,1710.4,64,1648.3,,2008,2014-04,,95,-0.02
94,Alejandro Tabilo (https://www.tennisabstract.com/cgi-bin/player.cgi?p=AlejandroTabilo),27.7,1702,,98,1651.1,81,1669.7,60,1652.9,,1881.5,2024-07,,31,1.11
95,Borna Coric (https://www.tennisabstract.com/cgi-bin/player.cgi?p=BornaCoric),28.2,1701.7,,86,1669.2,74,1681.3,85,1611,,1999.2,2019-01,,120,-0.23
96,Soon Woo Kwon (https://www.tennisabstract.com/cgi-bin/player.cgi?p=SoonWooKwon),27.1,1701.2,,88,1666.5,124,1602.7,107,1573.9,,1822,2023-01,,371,-1.35
97,Borna Gojo (https://www.tennisabstract.com/cgi-bin/player.cgi?p=BornaGojo),26.9,1701,,90,1665.8,112,1631.7,190,1498,,1790.3,2023-10,,423,-1.47
98,Dominik Koepfer (https://www.tennisabstract.com/cgi-bin/player.cgi?p=DominikKoepfer),30.7,1700.9,,94,1656.8,69,1696,105,1576.4,,1812.8,2024-03,,145,-0.39
99,Max Purcell (https://www.tennisabstract.com/cgi-bin/player.cgi?p=MaxPurcell),26.3,1700.5,,109,1638.1,172,1535.9,67,1640.6,,1783.1,2023-08,,124,-0.23
100,Sebastian Ofner (https://www.tennisabstract.com/cgi-bin/player.cgi?p=SebastianOfner),28.2,1699.4,,99,1648,84,1665.5,82,1614.9,,1814.3,2024-01,,127,-0.24
101,Luca Nardi (https://www.tennisabstract.com/cgi-bin/player.cgi?p=LucaNardi),21.5,1695.8,,95,1655.1,116,1616.4,195,1495,,1716.6,2024-04,,67,0.41
102,Michael Mmoh (https://www.tennisabstract.com/cgi-bin/player.cgi?p=MichaelMmoh),27.1,1694.5,,105,1644.1,126,1600.5,117,1561.9,,1749.2,2017-02,,298,-1.07
103,Aslan Karatsev (https://www.tennisabstract.com/cgi-bin/player.cgi?p=AslanKaratsev),31.4,1694.1,,110,1638,75,1680.8,146,1533.9,,1958.7,2021-05,,207,-0.7
104,Bu Yunchaokete (https://www.tennisabstract.com/cgi-bin/player.cgi?p=BuYunchaokete),23,1691.2,,100,1648,175,1534,153,1527,,1821.9,2024-09,,71,0.38
105,Mariano Navone (https://www.tennisabstract.com/cgi-bin/player.cgi?p=MarianoNavone),23.9,1690.6,,195,1521.9,59,1716.4,217,1478.8,,1860.2,2024-04,,63,0.51
106,Leandro Riedi (https://www.tennisabstract.com/cgi-bin/player.cgi?p=LeandroRiedi),22.5,1689.4,,96,1655,130,1597.3,81,1617,,1809.6,2023-01,,288,-1
107,Dusan Lajovic (https://www.tennisabstract.com/cgi-bin/player.cgi?p=DusanLajovic),34.6,1689.4,,130,1609.5,71,1694.7,219,1478.2,,1845.7,2018-10,,108,-0.01
108,Corentin Moutet (https://www.tennisabstract.com/cgi-bin/player.cgi?p=CorentinMoutet),25.8,1688.2,,115,1633.7,85,1663.9,96,1588,,1819.9,2023-01,,79,0.31
109,Lloyd Harris (https://www.tennisabstract.com/cgi-bin/player.cgi?p=LloydHarris),28,1687.8,,111,1637.3,142,1580.5,54,1663.8,,1890,2021-10,,141,-0.26
110,Arthur Rinderknech (https://www.tennisabstract.com/cgi-bin/player.cgi?p=ArthurRinderknech),29.5,1681.2,,108,1638.5,89,1659.4,136,1542.9,,1861.6,2022-10,,73,0.41
111,Thiago Seyboth Wild (https://www.tennisabstract.com/cgi-bin/player.cgi?p=ThiagoSeybothWild),24.9,1681.1,,101,1647,97,1648.7,109,1569.2,,1782.1,2024-05,,91,0.2
112,Kyrian Jacquet (https://www.tennisabstract.com/cgi-bin/player.cgi?p=KyrianJacquet),23.7,1680.3,,97,1651.4,135,1588.7,168,1515,,1735.2,2025-02,,154,-0.32
113,Francisco Comesana (https://www.tennisabstract.com/cgi-bin/player.cgi?p=FranciscoComesana),24.3,1679.1,,145,1585.4,95,1650.9,99,1586.1,,1713.2,2024-09,,66,0.54
114,Daniel Altmaier (https://www.tennisabstract.com/cgi-bin/player.cgi?p=DanielAltmaier),26.4,1678.9,,113,1636,110,1635.8,143,1535.3,,1779.4,2021-08,,78,0.38
115,Eliot Spizzirri (https://www.tennisabstract.com/cgi-bin/player.cgi?p=EliotSpizzirri),23.1,1676.2,,103,1644.8,253,1448.1,134,1544.1,,1676.2,2025-02,,144,-0.22
116,Aleksandar Kovacevic (https://www.tennisabstract.com/cgi-bin/player.cgi?p=AleksandarKovacevic),26.4,1674.3,,104,1644.5,224,1475.4,158,1521.3,,1754.2,2024-04,,94,0.21
117,Ethan Quinn (https://www.tennisabstract.com/cgi-bin/player.cgi?p=EthanQuinn),20.9,1672.7,,106,1641.8,295,1409.3,113,1563.1,,1695.7,2025-02,,137,-0.16
118,Alexander Blockx (https://www.tennisabstract.com/cgi-bin/player.cgi?p=AlexanderBlockx),19.8,1669.3,,116,1631.9,170,1537.5,145,1534.6,,1754,2025-01,,156,-0.28
119,Facundo Bagnis (https://www.tennisabstract.com/cgi-bin/player.cgi?p=FacundoBagnis),34.4,1668.8,,179,1539,88,1660.5,280,1422.8,,1719,2021-07,,302,-0.93
120,Adam Walton (https://www.tennisabstract.com/cgi-bin/player.cgi?p=AdamWalton),25.8,1667.4,,114,1636,307,1400.2,138,1542,,1705.6,2024-05,,96,0.22
121,Diego Schwartzman (https://www.tennisabstract.com/cgi-bin/player.cgi?p=DiegoSchwartzman),32.4,1666.9,,102,1645.5,91,1655.6,120,1558.7,,1973.1,2020-11,,342,-1.04
122,Tristan Boyer (https://www.tennisabstract.com/cgi-bin/player.cgi?p=TristanBoyer),23.8,1666.1,,139,1596.8,98,1646.6,170,1512.8,,1729.1,2025-01,,117,0.04
123,Rinky Hijikata (https://www.tennisabstract.com/cgi-bin/player.cgi?p=RinkyHijikata),24,1665,,117,1629.2,302,1403.9,115,1562.2,,1729.2,2025-01,,83,0.39
124,Hugo Dellien (https://www.tennisabstract.com/cgi-bin/player.cgi?p=HugoDellien),31.6,1664.8,,204,1507.9,94,1653,193,1497.4,,1768.5,2023-03,,103,0.19
125,Francesco Passaro (https://www.tennisabstract.com/cgi-bin/player.cgi?p=FrancescoPassaro),24,1664.1,,169,1549.1,93,1655,194,1497.1,,1760.8,2022-08,,90,0.33
126,Cristian Garin (https://www.tennisabstract.com/cgi-bin/player.cgi?p=CristianGarin),28.7,1663.2,,125,1615.1,105,1639.5,74,1627.9,,1888.2,2021-07,,138,-0.09
127,Yannick Hanfmann (https://www.tennisabstract.com/cgi-bin/player.cgi?p=YannickHanfmann),33.2,1662.4,,133,1602.7,96,1650.6,128,1549.5,,1829.7,2023-06,,110,0.14
128,Thiago Monteiro (https://www.tennisabstract.com/cgi-bin/player.cgi?p=ThiagoMonteiro),30.7,1662,,146,1583.7,86,1662.8,150,1528.2,,1734,2024-05,,105,0.2
129,Andrea Vavassori (https://www.tennisabstract.com/cgi-bin/player.cgi?p=AndreaVavassori),29.8,1660.8,,124,1615.4,109,1635.9,160,1520.8,,1710,2023-04,,232,-0.59
130,Filip Krajinovic (https://www.tennisabstract.com/cgi-bin/player.cgi?p=FilipKrajinovic),32.4,1660.4,,119,1625.7,103,1641.7,89,1603.3,,1939.3,2020-09,,701,-1.68
131,Nicolas Moreno De Alboran (https://www.tennisabstract.com/cgi-bin/player.cgi?p=NicolasMorenoDeAlboran),27.3,1659.4,,120,1625.2,121,1606.5,161,1520.3,,1677.7,2024-11,,118,0.1
132,Dominic Thiem (https://www.tennisabstract.com/cgi-bin/player.cgi?p=DominicThiem),31.1,1658.2,,93,1661.4,118,1609.2,139,1539.2,,2123.6,2016-06,,632,-1.57
133,Colton Smith (https://www.tennisabstract.com/cgi-bin/player.cgi?p=ColtonSmith),21.9,1655.7,,118,1629.1,262,1437.8,151,1527.8,,1685.2,2025-01,,261,-0.67
134,Adrian Mannarino (https://www.tennisabstract.com/cgi-bin/player.cgi?p=AdrianMannarino),36.6,1654,,121,1620.9,193,1513.3,75,1626.8,,1884.7,2018-01,,126,0.06
135,Christopher Eubanks (https://www.tennisabstract.com/cgi-bin/player.cgi?p=ChristopherEubanks),28.8,1653.4,,122,1619.1,242,1457,72,1629.6,,1847.8,2023-07,,104,0.26
136,Nikoloz Basilashvili (https://www.tennisabstract.com/cgi-bin/player.cgi?p=NikolozBasilashvili),33,1651,,129,1611.4,115,1618,92,1600,,1877.8,2018-10,,152,-0.11
137,Lukas Klein (https://www.tennisabstract.com/cgi-bin/player.cgi?p=LukasKlein),26.9,1649.4,,127,1614.1,131,1596.7,108,1570.8,,1770.5,2024-03,,147,-0.07
138,Alexander Shevchenko (https://www.tennisabstract.com/cgi-bin/player.cgi?p=AlexanderShevchenko),24.2,1647.8,,123,1617.8,128,1599.9,200,1489.6,,1795.8,2024-02,,98,0.34
139,Jaime Faria (https://www.tennisabstract.com/cgi-bin/player.cgi?p=JaimeFaria),21.5,1647.8,,160,1555.9,107,1636.9,198,1490.3,,1694,2024-05,,87,0.47
140,Murphy Cassone (https://www.tennisabstract.com/cgi-bin/player.cgi?p=MurphyCassone),22.5,1645.5,,131,1609.4,271,1432.8,156,1522.8,,1668.6,2025-02,,219,-0.45
141,Valentin Vacherot (https://www.tennisabstract.com/cgi-bin/player.cgi?p=ValentinVacherot),26.2,1643.3,,144,1585.9,113,1628.3,189,1499.1,,1719.2,2024-05,,262,-0.62
142,Pavel Kotov (https://www.tennisabstract.com/cgi-bin/player.cgi?p=PavelKotov),26.2,1641.2,,154,1571.9,102,1642.5,140,1538.6,,1781.4,2024-05,,102,0.33
143,Yosuke Watanuki (https://www.tennisabstract.com/cgi-bin/player.cgi?p=YosukeWatanuki),26.8,1640.6,,138,1597,148,1573,98,1587.3,,1779.8,2023-04,,349,-0.89
144,Facundo Diaz Acosta (https://www.tennisabstract.com/cgi-bin/player.cgi?p=FacundoDiazAcosta),24.1,1639.6,,180,1538.6,90,1656.5,233,1464.4,,1799.9,2024-02,,139,0.04
145,James Duckworth (https://www.tennisabstract.com/cgi-bin/player.cgi?p=JamesDuckworth),33,1638.4,,141,1591.4,209,1493.4,91,1600.9,,1771.4,2021-11,,97,0.4
146,Luciano Darderi (https://www.tennisabstract.com/cgi-bin/player.cgi?p=LucianoDarderi),23,1637.7,,252,1455.3,82,1669.2,188,1500,,1841.5,2024-06,,60,0.89
147,Otto Virtanen (https://www.tennisabstract.com/cgi-bin/player.cgi?p=OttoVirtanen),23.6,1634.6,,134,1602.2,215,1485.7,106,1574.2,,1752.3,2024-03,,115,0.25
148,Vit Kopriva (https://www.tennisabstract.com/cgi-bin/player.cgi?p=VitKopriva),27.6,1634.1,,150,1578.2,129,1598.8,104,1577.8,,1671.6,2022-06,,119,0.22
149,Marc Andrea Huesler (https://www.tennisabstract.com/cgi-bin/player.cgi?p=MarcAndreaHuesler),28.5,1633.3,,142,1590.8,144,1578.7,124,1556.2,,1805.9,2023-02,,172,-0.14
150,Daniel Evans (https://www.tennisabstract.com/cgi-bin/player.cgi?p=DanielEvans),34.7,1632.9,,132,1608.2,146,1577.8,88,1604.7,,1887.5,2021-04,,178,-0.17
151,Dalibor Svrcina (https://www.tennisabstract.com/cgi-bin/player.cgi?p=DaliborSvrcina),22.3,1632.4,,128,1612.6,188,1516.4,212,1482,,1632.4,2025-02,,164,-0.08
152,Richard Gasquet (https://www.tennisabstract.com/cgi-bin/player.cgi?p=RichardGasquet),38.6,1630.8,,137,1597.8,137,1586.7,95,1589.1,,2052.2,2013-04,,148,0.03
153,Giulio Zeppieri (https://www.tennisabstract.com/cgi-bin/player.cgi?p=GiulioZeppieri),23.1,1629.6,,149,1579.2,132,1596.1,173,1511.1,,1699,2022-07,,394,-0.95
154,Hugo Gaston (https://www.tennisabstract.com/cgi-bin/player.cgi?p=HugoGaston),24.4,1627.9,,163,1555.2,101,1643.9,125,1555.3,,1783.8,2021-11,,93,0.5
155,Alex Molcan (https://www.tennisabstract.com/cgi-bin/player.cgi?p=AlexMolcan),26.7,1626.1,,135,1602.1,123,1603.1,126,1554.9,,1848.6,2022-07,,590,-1.34
156,Damir Dzumhur (https://www.tennisabstract.com/cgi-bin/player.cgi?p=DamirDzumhur),32.7,1625.3,,178,1539.6,106,1637.1,100,1583.8,,1888,2018-02,,84,0.62
157,Liam Draxl (https://www.tennisabstract.com/cgi-bin/player.cgi?p=LiamDraxl),23.2,1623.7,,140,1593.1,244,1455.3,171,1511.9,,1641,2025-02,,171,-0.09
158,Arthur Bouquier (https://www.tennisabstract.com/cgi-bin/player.cgi?p=ArthurBouquier),24.1,1623.3,,136,1598.8,277,1421.6,172,1511.6,,1668.3,2025-02,,225,-0.35
159,Jesper De Jong (https://www.tennisabstract.com/cgi-bin/player.cgi?p=JesperDeJong),24.7,1623.1,,157,1560.6,114,1624,179,1506.8,,1707.9,2024-10,,106,0.41
160,Mark Lajal (https://www.tennisabstract.com/cgi-bin/player.cgi?p=MarkLajal),21.7,1621.8,,143,1589.6,240,1458.9,78,1620.9,,1675.5,2023-06,,203,-0.24
161,Martin Landaluce (https://www.tennisabstract.com/cgi-bin/player.cgi?p=MartinLandaluce),19.1,1621.6,,148,1580.4,167,1541,175,1510.8,,1728.9,2024-11,,143,0.12
162,Juan Manuel Cerundolo (https://www.tennisabstract.com/cgi-bin/player.cgi?p=JuanManuelCerundolo),23.2,1613.9,,218,1489.1,119,1608.8,246,1450.8,,1783.6,2023-01,,129,0.23
163,Dino Prizmic (https://www.tennisabstract.com/cgi-bin/player.cgi?p=DinoPrizmic),19.5,1613.3,,147,1583.1,165,1545,186,1502.1,,1697.4,2024-02,,344,-0.75
164,Gregoire Barrere (https://www.tennisabstract.com/cgi-bin/player.cgi?p=GregoireBarrere),31,1607.5,,166,1551.3,138,1586.6,119,1560.5,,1795.6,2023-02,,159,0.03
165,Valentin Royer (https://www.tennisabstract.com/cgi-bin/player.cgi?p=ValentinRoyer),23.7,1607.4,,192,1524.5,125,1602.5,206,1485.2,,1607.4,2025-02,,151,0.09
166,Billy Harris (https://www.tennisabstract.com/cgi-bin/player.cgi?p=BillyHarris),30,1607.2,,156,1565.1,268,1434.8,93,1595.4,,1675.6,2024-06,,107,0.44
167,Taro Daniel (https://www.tennisabstract.com/cgi-bin/player.cgi?p=TaroDaniel),32,1604.6,,151,1578.1,160,1548.8,202,1489.2,,1746.6,2023-04,,116,0.36
168,Duje Ajdukovic (https://www.tennisabstract.com/cgi-bin/player.cgi?p=DujeAjdukovic),24,1604.6,,162,1555.4,136,1587.1,244,1451.4,,1662.8,2024-08,,167,0.01
169,Jerome Kym (https://www.tennisabstract.com/cgi-bin/player.cgi?p=JeromeKym),21.9,1604.3,,175,1543,133,1594.2,185,1502.2,,1712.5,2024-10,,131,0.25
170,Constant Lestienne (https://www.tennisabstract.com/cgi-bin/player.cgi?p=ConstantLestienne),32.7,1603.9,,153,1572.2,252,1448.8,213,1481.8,,1775.8,2023-01,,176,-0.03
171,James Trotter (https://www.tennisabstract.com/cgi-bin/player.cgi?p=JamesTrotter),25.5,1599,,155,1571.6,329,1376.2,226,1472.3,,1639.2,2024-11,,181,-0.06
172,Sumit Nagal (https://www.tennisabstract.com/cgi-bin/player.cgi?p=SumitNagal),27.4,1594.5,,184,1533.8,134,1593.2,242,1452.3,,1719,2024-06,,132,0.26
173,Nicolai Budkov Kjaer (https://www.tennisabstract.com/cgi-bin/player.cgi?p=NicolaiBudkovKjaer),18.4,1593.9,,152,1576.3,195,1509.8,131,1547,,1593.9,2025-02,,299,-0.55
174,Federico Coria (https://www.tennisabstract.com/cgi-bin/player.cgi?p=FedericoCoria),32.9,1593,,238,1472.1,141,1581.9,340,1397.9,,1741.7,2021-07,,128,0.31
175,Mikhail Kukushkin (https://www.tennisabstract.com/cgi-bin/player.cgi?p=MikhailKukushkin),37.1,1590.2,,167,1549.8,168,1538.6,103,1578.2,,1849.8,2010-10,,166,0.05
176,Daniel Elahi Galan (https://www.tennisabstract.com/cgi-bin/player.cgi?p=DanielElahiGalan),28.6,1589.2,,187,1528.5,149,1572.8,123,1557.4,,1746.4,2022-09,,123,0.36
177,Pierre Hugues Herbert (https://www.tennisabstract.com/cgi-bin/player.cgi?p=PierreHuguesHerbert),33.9,1588.8,,159,1560.4,178,1531.6,132,1547,,1845,2019-02,,180,-0.02
178,Alejandro Moro Canas (https://www.tennisabstract.com/cgi-bin/player.cgi?p=AlejandroMoroCanas),24.1,1588,,164,1553.4,184,1520.7,154,1525.1,,1643.1,2024-07,,155,0.14
179,Alexander Ritschard (https://www.tennisabstract.com/cgi-bin/player.cgi?p=AlexanderRitschard),30.8,1587.2,,226,1483.9,100,1645,192,1497.8,,1684.8,2024-07,,121,0.39
180,Ugo Blanchet (https://www.tennisabstract.com/cgi-bin/player.cgi?p=UgoBlanchet),26.1,1585.9,,165,1552.7,159,1550.4,216,1481.2,,1621,2023-10,,161,0.11
181,Alexis Galarneau (https://www.tennisabstract.com/cgi-bin/player.cgi?p=AlexisGalarneau),25.9,1585.7,,168,1549.6,225,1473.4,191,1498,,1603.7,2024-04,,163,0.1
182,Maximilian Marterer (https://www.tennisabstract.com/cgi-bin/player.cgi?p=MaximilianMarterer),29.6,1585.6,,186,1528.6,145,1578.4,133,1547,,1804.9,2018-06,,205,-0.12
183,Tomas Barrios Vera (https://www.tennisabstract.com/cgi-bin/player.cgi?p=TomasBarriosVera),27.2,1584.6,,236,1472.9,140,1583,148,1533.1,,1694.9,2023-07,,153,0.18
184,Harold Mayot (https://www.tennisabstract.com/cgi-bin/player.cgi?p=HaroldMayot),23,1583.8,,174,1543.9,174,1534.7,112,1565.3,,1696.2,2024-06,,133,0.32
185,Filip Misolic (https://www.tennisabstract.com/cgi-bin/player.cgi?p=FilipMisolic),23.5,1583.1,,182,1537.4,171,1536.7,245,1451,,1695,2022-10,,246,-0.28
186,Luca Van Assche (https://www.tennisabstract.com/cgi-bin/player.cgi?p=LucaVanAssche),20.7,1582.2,,170,1546.7,151,1565.1,184,1504.4,,1779.9,2023-04,,157,0.17
187,Marat Sharipov (https://www.tennisabstract.com/cgi-bin/player.cgi?p=MaratSharipov),22.3,1579.2,,172,1545.5,308,1399.6,201,1489.6,,1600.1,2025-02,,271,-0.37
188,Tristan Schoolkate (https://www.tennisabstract.com/cgi-bin/player.cgi?p=TristanSchoolkate),23.9,1577.9,,173,1545.3,343,1362.8,181,1505.8,,1603,2025-02,,130,0.37
189,Jozef Kovalik (https://www.tennisabstract.com/cgi-bin/player.cgi?p=JozefKovalik),32.3,1577.6,,230,1480.3,139,1583.8,318,1407.2,,1707,2018-07,,125,0.41
190,Felipe Meligeni Alves (https://www.tennisabstract.com/cgi-bin/player.cgi?p=FelipeMeligeniAlves),27,1577.3,,221,1487.3,153,1561.9,130,1548.5,,1694.8,2023-10,,179,0.06
191,Seong Chan Hong (https://www.tennisabstract.com/cgi-bin/player.cgi?p=SeongChanHong),27.2,1574.6,,171,1546.1,254,1445.8,305,1412.7,,1612.4,2024-08,,211,-0.1
192,Kyle Edmund (https://www.tennisabstract.com/cgi-bin/player.cgi?p=KyleEdmund),29.8,1574.1,,161,1555.8,150,1568.3,187,1501.4,,1944,2019-03,,480,-0.92
193,J J Wolf (https://www.tennisabstract.com/cgi-bin/player.cgi?p=JJWolf),26.1,1573.5,,176,1543,177,1531.9,159,1521.2,,1845,2023-02,,239,-0.21
194,Titouan Droguet (https://www.tennisabstract.com/cgi-bin/player.cgi?p=TitouanDroguet),23.6,1571.8,,199,1515.2,147,1575.2,155,1524.2,,1670.2,2024-09,,193,0.01
195,Radu Albot (https://www.tennisabstract.com/cgi-bin/player.cgi?p=RaduAlbot),35.2,1570.9,,193,1523.3,163,1547.3,129,1549.3,,1808.5,2019-05,,190,0.03
196,Dominic Stricker (https://www.tennisabstract.com/cgi-bin/player.cgi?p=DominicStricker),22.5,1570.7,,183,1534.7,182,1526.6,149,1532.4,,1792.2,2021-06,,284,-0.37
197,Ricardas Berankis (https://www.tennisabstract.com/cgi-bin/player.cgi?p=RicardasBerankis),34.6,1569.5,,196,1518.7,154,1559,162,1520.1,,1809,2010-08,,291,-0.39
198,Hugo Grenier (https://www.tennisabstract.com/cgi-bin/player.cgi?p=HugoGrenier),28.9,1566.6,,185,1529.4,255,1445.3,165,1517,,1731.3,2022-09,,189,0.05
199,Gustavo Heide (https://www.tennisabstract.com/cgi-bin/player.cgi?p=GustavoHeide),22.9,1565,,260,1444.1,156,1554.9,243,1452,,1653.7,2024-07,,150,0.28
200,Roman Andres Burruchaga (https://www.tennisabstract.com/cgi-bin/player.cgi?p=RomanAndresBurruchaga),23,1564.3,,239,1469.8,158,1554.8,169,1514.7,,1661.1,2024-02,,136,0.39
201,Albert Ramos (https://www.tennisabstract.com/cgi-bin/player.cgi?p=AlbertRamos),36.9,1561.1,,190,1526.9,169,1538.2,302,1413.3,,1872.7,2017-04,,224,-0.11
202,Shintaro Mochizuki (https://www.tennisabstract.com/cgi-bin/player.cgi?p=ShintaroMochizuki),21.7,1560.9,,188,1528.2,192,1514.4,221,1473.9,,1583.8,2024-06,,146,0.32
203,Chun Hsin Tseng (https://www.tennisabstract.com/cgi-bin/player.cgi?p=ChunHsinTseng),23.5,1559.1,,237,1472.8,143,1579.1,284,1420.6,,1701.7,2022-04,,100,0.71
204,Joris De Loore (https://www.tennisabstract.com/cgi-bin/player.cgi?p=JorisDeLoore),31.3,1557.9,,181,1537.5,214,1489.9,218,1478.8,,1650.1,2016-10,,414,-0.71
205,Henrique Rocha (https://www.tennisabstract.com/cgi-bin/player.cgi?p=HenriqueRocha),20.8,1557.7,,191,1526.7,190,1514.9,222,1473.2,,1628.8,2024-09,,162,0.24
206,Timofey Skatov (https://www.tennisabstract.com/cgi-bin/player.cgi?p=TimofeySkatov),24,1556.9,,219,1488.4,161,1548.6,208,1483.6,,1662.1,2024-09,,182,0.12
207,Hady Habib (https://www.tennisabstract.com/cgi-bin/player.cgi?p=HadyHabib),26.5,1555.6,,177,1540.6,239,1459.4,152,1527.8,,1602.5,2025-01,,170,0.2
208,James Mccabe (https://www.tennisabstract.com/cgi-bin/player.cgi?p=JamesMccabe),21.6,1554.8,,198,1516.2,337,1368.6,174,1511.1,,1576.5,2025-01,,196,0.06
209,Stefano Napolitano (https://www.tennisabstract.com/cgi-bin/player.cgi?p=StefanoNapolitano),29.4,1554,,206,1507.4,189,1515.2,167,1515.1,,1636.6,2024-05,,249,-0.18
210,Calvin Hemery (https://www.tennisabstract.com/cgi-bin/player.cgi?p=CalvinHemery),30,1553.7,,214,1494.1,173,1535.1,241,1453.1,,1643.3,2015-06,,175,0.18
211,Jurij Rodionov (https://www.tennisabstract.com/cgi-bin/player.cgi?p=JurijRodionov),25.7,1553.3,,189,1527,222,1479.4,196,1492.4,,1692,2018-07,,209,0.01
212,Benjamin Hassan (https://www.tennisabstract.com/cgi-bin/player.cgi?p=BenjaminHassan),30,1552.8,,200,1512,180,1530.8,231,1467.6,,1680.1,2023-10,,204,0.04
213,Elias Ymer (https://www.tennisabstract.com/cgi-bin/player.cgi?p=EliasYmer),28.8,1552.6,,209,1503.4,179,1530.8,163,1517.8,,1729.4,2015-06,,257,-0.19
214,Liam Broady (https://www.tennisabstract.com/cgi-bin/player.cgi?p=LiamBroady),30.6,1551.2,,194,1522.7,251,1449.5,205,1486.1,,1741.6,2022-03,,697,-1.18
215,Zachary Svajda (https://www.tennisabstract.com/cgi-bin/player.cgi?p=ZacharySvajda),22.2,1547.1,,202,1510.5,245,1454.3,166,1516.7,,1744.8,2023-10,,187,0.14
216,Marco Trungelliti (https://www.tennisabstract.com/cgi-bin/player.cgi?p=MarcoTrungelliti),35,1545.5,,234,1474.1,157,1554.9,275,1426,,1693.8,2022-08,,149,0.37
217,Alex Bolt (https://www.tennisabstract.com/cgi-bin/player.cgi?p=AlexBolt),32.1,1545.3,,217,1489.5,380,1333.7,122,1558.1,,1668.8,2019-03,,183,0.17
218,Juan Pablo Varillas (https://www.tennisabstract.com/cgi-bin/player.cgi?p=JuanPabloVarillas),29.3,1543.7,,295,1408.5,164,1545.4,336,1399.8,,1725.5,2023-02,,198,0.1
219,Yasutaka Uchiyama (https://www.tennisabstract.com/cgi-bin/player.cgi?p=YasutakaUchiyama),32.5,1543.6,,205,1507.8,319,1391.8,225,1472.7,,1724,2019-10,,160,0.31
220,Pablo Llamas Ruiz (https://www.tennisabstract.com/cgi-bin/player.cgi?p=PabloLlamasRuiz),22.3,1542.6,,243,1465.2,166,1544.3,214,1481.8,,1717.4,2023-09,,388,-0.57
221,Daniel Rincon (https://www.tennisabstract.com/cgi-bin/player.cgi?p=DanielRincon),22.1,1542.3,,208,1504.1,216,1484.9,337,1399.7,,1587.6,2023-09,,230,-0.04
222,Maxime Cressy (https://www.tennisabstract.com/cgi-bin/player.cgi?p=MaximeCressy),27.3,1542.1,,197,1518.4,272,1429.3,176,1509,,1835.5,2023-02,,323,-0.37
223,Gijs Brouwer (https://www.tennisabstract.com/cgi-bin/player.cgi?p=GijsBrouwer),28.8,1537.3,,232,1476.5,221,1479.4,177,1509,,1644.4,2022-09,,194,0.14
224,Li Tu (https://www.tennisabstract.com/cgi-bin/player.cgi?p=LiTu),28.7,1537.2,,210,1501,235,1464.4,144,1534.9,,1623.3,2022-10,,177,0.24
225,Norbert Gombos (https://www.tennisabstract.com/cgi-bin/player.cgi?p=NorbertGombos),34.4,1537,,207,1506.8,186,1519.8,250,1448.1,,1737.7,2020-11,,402,-0.58
226,Matteo Gigante (https://www.tennisabstract.com/cgi-bin/player.cgi?p=MatteoGigante),23.1,1536.2,,225,1485.8,202,1506.4,204,1487.8,,1635.7,2024-05,,217,0.04
227,Thiago Agustin Tirante (https://www.tennisabstract.com/cgi-bin/player.cgi?p=ThiagoAgustinTirante),23.8,1535.6,,203,1508.4,207,1495.9,210,1483.1,,1663.6,2021-09,,134,0.53
228,Sho Shimabukuro (https://www.tennisabstract.com/cgi-bin/player.cgi?p=ShoShimabukuro),27.5,1535.2,,216,1491.6,218,1482.5,141,1536.2,,1692.6,2023-07,,192,0.17
229,Kimmer Coppejans (https://www.tennisabstract.com/cgi-bin/player.cgi?p=KimmerCoppejans),31,1532.6,,244,1462.5,206,1496.3,251,1447,,1686.8,2015-04,,327,-0.36
230,Coleman Wong (https://www.tennisabstract.com/cgi-bin/player.cgi?p=ColemanWong),20.7,1527.6,,211,1499.7,263,1437,265,1431.7,,1627.5,2024-09,,191,0.19
231,Terence Atmane (https://www.tennisabstract.com/cgi-bin/player.cgi?p=TerenceAtmane),23.1,1525,,220,1487.4,217,1482.7,239,1454.5,,1696.8,2023-10,,168,0.32
232,Denis Kudla (https://www.tennisabstract.com/cgi-bin/player.cgi?p=DenisKudla),32.1,1524.6,,201,1510.8,236,1462.5,164,1517.6,,1772.6,2015-07,,362,-0.44
233,Max Hans Rehberg (https://www.tennisabstract.com/cgi-bin/player.cgi?p=MaxHansRehberg),21.4,1521.6,,231,1477.1,264,1437,344,1393.3,,1549.6,2025-01,,243,-0.04
234,Carlos Taberner (https://www.tennisabstract.com/cgi-bin/player.cgi?p=CarlosTaberner),27.5,1521.4,,287,1415.7,187,1519.3,314,1408.7,,1721.2,2021-10,,174,0.3
235,Manuel Guinard (https://www.tennisabstract.com/cgi-bin/player.cgi?p=ManuelGuinard),29.2,1520.9,,233,1476.4,223,1476.2,319,1406.2,,1639,2022-06,,289,-0.21
236,Mitchell Krueger (https://www.tennisabstract.com/cgi-bin/player.cgi?p=MitchellKrueger),31.1,1519.7,,229,1480.4,247,1452.8,211,1483.1,,1622.3,2022-04,,140,0.52
237,Johannus Monday (https://www.tennisabstract.com/cgi-bin/player.cgi?p=JohannusMonday),23,1518.2,,222,1486.6,336,1369.1,256,1440.9,,1540.6,2025-02,,282,-0.17
238,Zsombor Piros (https://www.tennisabstract.com/cgi-bin/player.cgi?p=ZsomborPiros),25.3,1517.2,,223,1486.3,210,1493,178,1507,,1724.1,2023-04,,266,-0.11
239,Khumoun Sultanov (https://www.tennisabstract.com/cgi-bin/player.cgi?p=KhumounSultanov),26.3,1516.2,,212,1497.9,398,1311.8,230,1468.1,,1535.7,2025-02,,,
240,Riccardo Bonadio (https://www.tennisabstract.com/cgi-bin/player.cgi?p=RiccardoBonadio),31,1515.3,,286,1416.2,205,1497.3,300,1413.4,,1565.6,2023-04,,519,-0.77
241,Lukas Neumayer (https://www.tennisabstract.com/cgi-bin/player.cgi?p=LukasNeumayer),22.4,1515.1,,351,1352.2,191,1514.9,277,1424.3,,1579,2024-12,,208,0.15
242,Martin Klizan (https://www.tennisabstract.com/cgi-bin/player.cgi?p=MartinKlizan),35.2,1515,,213,1495.2,199,1509,309,1410.9,,1892.5,2015-04,,296,-0.2
243,Elmer Moller (https://www.tennisabstract.com/cgi-bin/player.cgi?p=ElmerMoller),21.6,1511.8,,269,1432.3,176,1533.9,180,1505.9,,1724.9,2024-10,,158,0.43
244,Juan Pablo Ficovich (https://www.tennisabstract.com/cgi-bin/player.cgi?p=JuanPabloFicovich),28,1511.3,,274,1424.8,198,1509.3,264,1435.3,,1583.2,2020-10,,169,0.37
245,Alibek Kachmazov (https://www.tennisabstract.com/cgi-bin/player.cgi?p=AlibekKachmazov),22.5,1510.8,,227,1483.4,288,1413.6,182,1505.4,,1598.4,2024-10,,186,0.28
246,Enzo Couacaud (https://www.tennisabstract.com/cgi-bin/player.cgi?p=EnzoCouacaud),29.9,1509.2,,242,1465.9,200,1508.9,209,1483.2,,1625.1,2023-01,,242,0.02
247,Henri Squire (https://www.tennisabstract.com/cgi-bin/player.cgi?p=HenriSquire),24.4,1505,,265,1437.7,181,1529.9,369,1378.6,,1653.9,2024-06,,173,0.36
248,Pedro Cachin (https://www.tennisabstract.com/cgi-bin/player.cgi?p=PedroCachin),29.8,1505,,321,1380.6,185,1520.6,355,1388.7,,1756.2,2022-08,,273,-0.1
249,Javier Barranco Cosano (https://www.tennisabstract.com/cgi-bin/player.cgi?p=JavierBarrancoCosano),26.2,1502.6,,261,1442.9,241,1457.7,237,1455.2,,1567.6,2024-07,,248,0
250,Bernabe Zapata Miralles (https://www.tennisabstract.com/cgi-bin/player.cgi?p=BernabeZapataMiralles),28,1501.5,,267,1434.6,203,1501,232,1467.1,,1783.9,2023-05,,311,-0.22
251,Facundo Mena (https://www.tennisabstract.com/cgi-bin/player.cgi?p=FacundoMena),32.3,1498.4,,322,1380.3,213,1491.1,262,1436,,1604.5,2019-09,,188,0.29
252,Bernard Tomic (https://www.tennisabstract.com/cgi-bin/player.cgi?p=BernardTomic),32.3,1496.8,,251,1455.6,229,1469.9,183,1504.9,,1945,2016-01,,216,0.15
253,Jan Choinski (https://www.tennisabstract.com/cgi-bin/player.cgi?p=JanChoinski),28.7,1496,,293,1410.5,197,1509.5,432,1343,,1616.1,2023-08,,184,0.32
254,Matteo Martineau (https://www.tennisabstract.com/cgi-bin/player.cgi?p=MatteoMartineau),26,1495.7,,235,1473.9,338,1368.5,249,1448.4,,1606.5,2024-02,,263,-0.03
255,Vasek Pospisil (https://www.tennisabstract.com/cgi-bin/player.cgi?p=VasekPospisil),34.3,1495.1,,241,1466.2,326,1379.7,247,1450.7,,1886.3,2020-11,,830,-1.18
256,Paul Jubb (https://www.tennisabstract.com/cgi-bin/player.cgi?p=PaulJubb),25.2,1492.4,,270,1431.9,270,1434.4,199,1489.9,,1638.3,2022-03,,215,0.17
257,Emilio Nava (https://www.tennisabstract.com/cgi-bin/player.cgi?p=EmilioNava),23.2,1491.9,,264,1442,212,1491.4,276,1425.2,,1649.6,2024-03,,238,0.08
258,Patrick Zahraj (https://www.tennisabstract.com/cgi-bin/player.cgi?p=PatrickZahraj),25.6,1490.3,,246,1460,353,1355.1,253,1445.1,,1560.1,2025-02,,319,-0.21
259,Andrea Collarini (https://www.tennisabstract.com/cgi-bin/player.cgi?p=AndreaCollarini),33,1489.2,,369,1336.2,219,1480.6,389,1370.2,,1557.7,2019-09,,202,0.25
260,Arthur Fery (https://www.tennisabstract.com/cgi-bin/player.cgi?p=ArthurFery),22.6,1489,,215,1491.7,354,1354.5,381,1374,,1653.6,2023-10,,441,-0.53
261,Adrian Andreev (https://www.tennisabstract.com/cgi-bin/player.cgi?p=AdrianAndreev),23.7,1488.5,,277,1423,211,1492.6,360,1383.6,,1628.9,2023-01,,235,0.1
262,Dennis Novak (https://www.tennisabstract.com/cgi-bin/player.cgi?p=DennisNovak),31.3,1487.8,,228,1481.2,233,1466.3,147,1533.3,,1749.8,2019-11,,366,-0.33
263,Yuta Shimizu (https://www.tennisabstract.com/cgi-bin/player.cgi?p=YutaShimizu),25.6,1486.5,,247,1458.9,416,1292.5,220,1475.7,,1567,2024-11,,197,0.29
264,Antoine Escoffier (https://www.tennisabstract.com/cgi-bin/player.cgi?p=AntoineEscoffier),32.9,1484.6,,254,1452.1,432,1268.3,297,1414.6,,1616.6,2023-03,,206,0.25
265,Andrew Paulson (https://www.tennisabstract.com/cgi-bin/player.cgi?p=AndrewPaulson),22.8,1483.7,,332,1370.6,250,1451.6,254,1441.9,,1566,2024-08,,507,-0.65
266,Andrea Pellegrino (https://www.tennisabstract.com/cgi-bin/player.cgi?p=AndreaPellegrino),27.8,1483.7,,358,1345.2,228,1471.2,380,1374.2,,1604.7,2022-09,,255,0.04
267,Federico Agustin Gomez (https://www.tennisabstract.com/cgi-bin/player.cgi?p=FedericoAgustinGomez),28.2,1483,,285,1416.4,194,1510.7,255,1441.5,,1667.7,2024-09,,135,0.68
268,Gonzalo Bueno (https://www.tennisabstract.com/cgi-bin/player.cgi?p=GonzaloBueno),20.8,1481.5,,430,1279,220,1479.5,257,1440.7,,1508.7,2024-04,,270,-0.01
269,Tung Lin Wu (https://www.tennisabstract.com/cgi-bin/player.cgi?p=TungLinWu),26.7,1481.1,,259,1445.1,234,1465.9,338,1399.6,,1595.4,2023-01,,237,0.13
270,Jiri Vesely (https://www.tennisabstract.com/cgi-bin/player.cgi?p=JiriVesely),31.5,1480.4,,224,1485.9,265,1436.8,157,1522.3,,1892.7,2014-06,,352,-0.27
271,Clement Chidekh (https://www.tennisabstract.com/cgi-bin/player.cgi?p=ClementChidekh),23.7,1480.3,,253,1454.5,355,1354.3,258,1440.1,,1684.2,2024-03,,240,0.12
272,Gauthier Onclin (https://www.tennisabstract.com/cgi-bin/player.cgi?p=GauthierOnclin),23.9,1480.1,,249,1458,276,1424.7,240,1453.8,,1584.4,2023-07,,212,0.25
273,Philip Sekulic (https://www.tennisabstract.com/cgi-bin/player.cgi?p=PhilipSekulic),21.2,1480,,245,1461.6,393,1320.6,331,1401.7,,1521.8,2024-07,,351,-0.25
274,Beibit Zhukayev (https://www.tennisabstract.com/cgi-bin/player.cgi?p=BeibitZhukayev),24.3,1479.7,,263,1442.4,321,1386.8,207,1485.1,,1627,2023-11,,213,0.25
275,Marc Polmans (https://www.tennisabstract.com/cgi-bin/player.cgi?p=MarcPolmans),27.7,1479.3,,255,1451.1,273,1425.4,224,1472.8,,1602.8,2020-10,,369,-0.29
276,Murkel Alejandro Dellien Velasco (https://www.tennisabstract.com/cgi-bin/player.cgi?p=MurkelAlejandroDellienVelasco),27.3,1478.1,,303,1397.3,231,1469.3,248,1448.9,,1602,2022-01,,199,0.33
277,Marco Cecchinato (https://www.tennisabstract.com/cgi-bin/player.cgi?p=MarcoCecchinato),32.4,1478.1,,307,1394.7,238,1459.9,357,1388.2,,1829,2018-07,,380,-0.32
278,Maks Kasnikowski (https://www.tennisabstract.com/cgi-bin/player.cgi?p=MaksKasnikowski),21.6,1476.6,,284,1417.4,208,1495.6,203,1488.3,,1635.5,2024-06,,223,0.22
279,Jakub Nicod (https://www.tennisabstract.com/cgi-bin/player.cgi?p=JakubNicod),20.1,1475.8,,366,1338.1,226,1473.4,260,1437.9,,1508.2,2024-09,,377,-0.3
280,Denis Yevseyev (https://www.tennisabstract.com/cgi-bin/player.cgi?p=DenisYevseyev),31.7,1474.8,,268,1434.2,280,1419.9,228,1469.6,,1539.6,2024-05,,256,0.09
281,Geoffrey Blancaneaux (https://www.tennisabstract.com/cgi-bin/player.cgi?p=GeoffreyBlancaneaux),26.5,1474.4,,266,1436.9,246,1453.7,350,1389.3,,1575,2022-09,,297,-0.06
282,Laurent Lokoli (https://www.tennisabstract.com/cgi-bin/player.cgi?p=LaurentLokoli),29.9,1474.2,,280,1421.3,230,1469.7,229,1468.6,,1596.7,2023-07,,461,-0.49
283,Sascha Gueymard Wayenburg (https://www.tennisabstract.com/cgi-bin/player.cgi?p=SaschaGueymardWayenburg),21.5,1473.5,,258,1445.4,363,1345.1,261,1436.7,,1553,2025-01,,253,0.11
284,Stefano Travaglia (https://www.tennisabstract.com/cgi-bin/player.cgi?p=StefanoTravaglia),32.8,1473.4,,250,1457.9,237,1460.7,326,1403.9,,1797.5,2021-02,,277,0.02
285,Dimitar Kuzmanov (https://www.tennisabstract.com/cgi-bin/player.cgi?p=DimitarKuzmanov),31.5,1472.9,,262,1442.8,248,1452,267,1431.4,,1628.9,2022-06,,376,-0.28
286,Viktor Durasovic (https://www.tennisabstract.com/cgi-bin/player.cgi?p=ViktorDurasovic),27.9,1472.2,,240,1468.9,366,1343.8,330,1401.8,,1479.4,2025-02,,241,0.17
287,Egor Gerasimov (https://www.tennisabstract.com/cgi-bin/player.cgi?p=EgorGerasimov),32.1,1470.5,,256,1449.4,279,1420.1,382,1373.8,,1790.6,2020-03,,399,-0.33
288,Andrej Martin (https://www.tennisabstract.com/cgi-bin/player.cgi?p=AndrejMartin),35.4,1467.3,,337,1367.3,258,1441.9,427,1345,,1665.7,2014-08,,328,-0.13
289,Patrick Kypson (https://www.tennisabstract.com/cgi-bin/player.cgi?p=PatrickKypson),25.2,1465.5,,257,1447.5,284,1416.8,287,1419.1,,1699.8,2024-02,,353,-0.2
290,Hazem Naw (https://www.tennisabstract.com/cgi-bin/player.cgi?p=HazemNaw),24.7,1463.6,,248,1458.7,320,1389.7,215,1481.8,,1624.5,2024-02,,551,-0.64
291,Cezar Cretu (https://www.tennisabstract.com/cgi-bin/player.cgi?p=CezarCretu),23.7,1463.5,,288,1414.6,290,1412.2,266,1431.7,,1504.7,2024-09,,335,-0.14
292,Gabriel Debru (https://www.tennisabstract.com/cgi-bin/player.cgi?p=GabrielDebru),19.1,1462.6,,375,1331,227,1472.2,268,1431.3,,1574.5,2023-08,,236,0.21
293,Nick Hardt (https://www.tennisabstract.com/cgi-bin/player.cgi?p=NickHardt),24.3,1459.7,,304,1396.4,260,1440.3,269,1430.7,,1600.8,2024-05,,229,0.25
294,Karue Sell (https://www.tennisabstract.com/cgi-bin/player.cgi?p=KarueSell),31.2,1459.1,,283,1418,269,1434.5,271,1429.5,,1516.3,2024-10,,274,0.07
295,Hynek Barton (https://www.tennisabstract.com/cgi-bin/player.cgi?p=HynekBarton),20.8,1458.1,,272,1425.8,314,1395.2,272,1429.1,,1484.3,2025-02,,364,-0.21
296,Abedallah Shelbayh (https://www.tennisabstract.com/cgi-bin/player.cgi?p=AbedallahShelbayh),21.2,1457.8,,271,1430.5,303,1402.9,252,1445.2,,1648.8,2024-02,,267,0.1
297,Oriol Roca Batalla (https://www.tennisabstract.com/cgi-bin/player.cgi?p=OriolRocaBatalla),31.8,1457.4,,327,1375.6,259,1441,353,1389.1,,1536.6,2024-06,,250,0.17
298,Gianluca Mager (https://www.tennisabstract.com/cgi-bin/player.cgi?p=GianlucaMager),30.1,1453.8,,300,1403.2,261,1439.1,288,1418,,1729.3,2021-06,,314,-0.05
299,Stefan Kozlov (https://www.tennisabstract.com/cgi-bin/player.cgi?p=StefanKozlov),27,1453.4,,292,1410.7,274,1425.1,259,1438.2,,1703,2022-02,,363,-0.19
300,Alessandro Giannessi (https://www.tennisabstract.com/cgi-bin/player.cgi?p=AlessandroGiannessi),34,1453.1,,324,1378.7,267,1435.5,435,1341.7,,1729,2011-09,,638,-0.75
301,Aziz Dougaz (https://www.tennisabstract.com/cgi-bin/player.cgi?p=AzizDougaz),27.9,1453,,297,1404.8,256,1444.9,308,1411,,1551.8,2020-02,,210,0.36
302,Pol Martin Tiffon (https://www.tennisabstract.com/cgi-bin/player.cgi?p=PolMartinTiffon),25.5,1447.1,,306,1395.2,317,1392.3,279,1423.5,,1489.7,2025-02,,252,0.18
303,Nicolas Kicker (https://www.tennisabstract.com/cgi-bin/player.cgi?p=NicolasKicker),32.4,1446.7,,289,1413.1,257,1443.4,388,1370.6,,1689.8,2018-05,,709,-0.85
304,Andres Martin (https://www.tennisabstract.com/cgi-bin/player.cgi?p=AndresMartin),23.6,1446.2,,279,1421.5,281,1419.6,223,1473.1,,1602.8,2022-07,,494,-0.49
305,Andre Ilagan (https://www.tennisabstract.com/cgi-bin/player.cgi?p=AndreIlagan),24.2,1444.8,,281,1418.7,384,1332.4,281,1422.4,,1465.4,2025-02,,386,-0.24
306,Govind Nanda (https://www.tennisabstract.com/cgi-bin/player.cgi?p=GovindNanda),24,1440.9,,298,1404.2,350,1358.5,285,1420.4,,1488,2022-09,,408,-0.29
307,Chris Rodesch (https://www.tennisabstract.com/cgi-bin/player.cgi?p=ChrisRodesch),23.5,1439.1,,294,1410.3,367,1343.4,286,1419.6,,1508.2,2024-11,,264,0.15
308,Vitaliy Sachko (https://www.tennisabstract.com/cgi-bin/player.cgi?p=VitaliySachko),27.6,1438.4,,276,1423.1,287,1414.1,329,1402,,1637.1,2023-07,,384,-0.22
309,Omar Jasika (https://www.tennisabstract.com/cgi-bin/player.cgi?p=OmarJasika),27.7,1435.8,,278,1422.4,419,1288.6,448,1333.2,,1656,2017-02,,233,0.28
310,Ilia Simakin (https://www.tennisabstract.com/cgi-bin/player.cgi?p=IliaSimakin),21.3,1435.6,,291,1410.9,387,1327.8,289,1417.8,,1501.5,2025-02,,278,0.11
311,Inaki Montes De La Torre (https://www.tennisabstract.com/cgi-bin/player.cgi?p=InakiMontesDeLaTorre),22.3,1435.5,,336,1369.1,275,1424.9,290,1417.7,,1490,2025-02,,531,-0.53
312,Gastao Elias (https://www.tennisabstract.com/cgi-bin/player.cgi?p=GastaoElias),34.1,1434,,273,1425.1,292,1411.2,405,1364,,1723.9,2016-08,,324,-0.04
313,Ignacio Buse (https://www.tennisabstract.com/cgi-bin/player.cgi?p=IgnacioBuse),20.9,1431.2,,412,1297.7,232,1468.9,293,1415.6,,1617.9,2024-09,,227,0.32
314,Andres Andrade (https://www.tennisabstract.com/cgi-bin/player.cgi?p=AndresAndrade),26.1,1430.5,,333,1369.6,249,1451.7,294,1415.3,,1554.4,2024-09,,254,0.21
315,Rei Sakamoto (https://www.tennisabstract.com/cgi-bin/player.cgi?p=ReiSakamoto),18.6,1430.2,,299,1403.6,390,1325.1,295,1415.1,,1565.6,2024-12,,365,-0.15
316,Rudolf Molleker (https://www.tennisabstract.com/cgi-bin/player.cgi?p=RudolfMolleker),24.3,1430.1,,334,1369.4,278,1420.8,363,1382.3,,1704.6,2019-06,,276,0.14
317,Arthur Gea (https://www.tennisabstract.com/cgi-bin/player.cgi?p=ArthurGea),20.1,1428.7,,340,1361.5,300,1404.7,298,1414.3,,1445.6,2025-02,,286,0.1
318,Illya Marchenko (https://www.tennisabstract.com/cgi-bin/player.cgi?p=IllyaMarchenko),37.3,1428,,290,1412.3,368,1343.4,315,1408.5,,1776.5,2010-02,,546,-0.54
319,Goncalo Oliveira (https://www.tennisabstract.com/cgi-bin/player.cgi?p=GoncaloOliveira),29.8,1427.3,,320,1380.8,313,1395.3,378,1374.7,,1445.1,2024-11,,245,0.26
320,Franco Agamenone (https://www.tennisabstract.com/cgi-bin/player.cgi?p=FrancoAgamenone),31.8,1427.2,,376,1330.2,283,1418.1,425,1345.8,,1700.8,2021-10,,392,-0.2
321,Marko Topo (https://www.tennisabstract.com/cgi-bin/player.cgi?p=MarkoTopo),20.9,1426.7,,296,1406.3,299,1405.9,282,1422.3,,1657.9,2022-04,,397,-0.21
322,August Holmgren (https://www.tennisabstract.com/cgi-bin/player.cgi?p=AugustHolmgren),26.8,1426.6,,316,1386.1,324,1382.5,234,1463.3,,1667.7,2021-09,,200,0.48
323,Zdenek Kolar (https://www.tennisabstract.com/cgi-bin/player.cgi?p=ZdenekKolar),28.3,1426.2,,310,1392,293,1410.5,343,1393.4,,1599.7,2021-09,,382,-0.17
324,Daniel Cukierman (https://www.tennisabstract.com/cgi-bin/player.cgi?p=DanielCukierman),29.5,1426.1,,325,1378,304,1402.3,303,1413.1,,1462.4,2024-01,,571,-0.57
325,Benoit Paire (https://www.tennisabstract.com/cgi-bin/player.cgi?p=BenoitPaire),35.7,1426,,309,1392.1,243,1456.4,263,1435.4,,1904.4,2013-05,,516,-0.46
326,Alexey Vatutin (https://www.tennisabstract.com/cgi-bin/player.cgi?p=AlexeyVatutin),32.3,1423.2,,308,1393.7,351,1356.7,374,1375.8,,1623.6,2018-04,,316,0.03
327,Rio Noguchi (https://www.tennisabstract.com/cgi-bin/player.cgi?p=RioNoguchi),26.1,1422.6,,315,1386.6,440,1257.6,401,1365.1,,1501.6,2022-10,,228,0.36
328,Juan Bautista Torres (https://www.tennisabstract.com/cgi-bin/player.cgi?p=JuanBautistaTorres),22.8,1422.6,,416,1293.9,285,1415.6,307,1411.3,,1573.6,2022-07,,272,0.19
329,Jie Cui (https://www.tennisabstract.com/cgi-bin/player.cgi?p=JieCui),27,1421.4,,302,1398.6,433,1268.3,310,1410.7,,1458.5,2025-01,,287,0.14
330,Robert Strombachs (https://www.tennisabstract.com/cgi-bin/player.cgi?p=RobertStrombachs),25.3,1418.5,,282,1418.6,358,1351.7,311,1409.2,,1430,2023-09,,403,-0.2
331,Nicolas Alvarez Varona (https://www.tennisabstract.com/cgi-bin/player.cgi?p=NicolasAlvarezVarona),23.7,1417.6,,305,1395.9,331,1372.1,313,1408.8,,1527.9,2022-11,,303,0.09
332,Luka Pavlovic (https://www.tennisabstract.com/cgi-bin/player.cgi?p=LukaPavlovic),24.9,1416.9,,435,1276.4,266,1436.3,316,1408.4,,1473.5,2024-09,,346,-0.04
333,Nerman Fatic (https://www.tennisabstract.com/cgi-bin/player.cgi?p=NermanFatic),29.9,1416.3,,312,1390.6,294,1410.3,274,1426.3,,1620.7,2023-09,,398,-0.18
334,Jacopo Berrettini (https://www.tennisabstract.com/cgi-bin/player.cgi?p=JacopoBerrettini),26.1,1416,,372,1334.6,298,1406,317,1408,,1548,2024-05,,310,0.07
335,Yu Hsiou Hsu (https://www.tennisabstract.com/cgi-bin/player.cgi?p=YuHsiouHsu),25.8,1413.3,,311,1391,423,1283.9,465,1307.9,,1640,2023-11,,226,0.39
336,Dmitry Popko (https://www.tennisabstract.com/cgi-bin/player.cgi?p=DmitryPopko),28.3,1412.5,,328,1375.6,306,1401.3,419,1350.1,,1618.3,2020-01,,220,0.42
337,Matej Dodig (https://www.tennisabstract.com/cgi-bin/player.cgi?p=MatejDodig),19.5,1412.4,,343,1358.1,311,1397.9,320,1406.2,,1583.8,2024-09,,292,0.14
338,Antoine Cornut Chauvinc (https://www.tennisabstract.com/cgi-bin/player.cgi?p=AntoineCornutChauvinc),24.5,1412.3,,319,1382.1,378,1335.2,321,1406.2,,1439.2,2025-01,,541,-0.47
339,Daniel Masur (https://www.tennisabstract.com/cgi-bin/player.cgi?p=DanielMasur),30.2,1411.7,,329,1375.5,310,1398.1,327,1403.8,,1606.3,2021-03,,332,0.02
340,Vilius Gaubas (https://www.tennisabstract.com/cgi-bin/player.cgi?p=ViliusGaubas),20.1,1411.4,,330,1374.2,291,1411.6,235,1455.7,,1624.3,2024-08,,185,0.61
341,Adolfo Daniel Vallejo (https://www.tennisabstract.com/cgi-bin/player.cgi?p=AdolfoDanielVallejo),20.8,1410.9,,359,1345.2,296,1409.3,236,1455.4,,1517,2020-03,,195,0.56
342,Max Houkes (https://www.tennisabstract.com/cgi-bin/player.cgi?p=MaxHoukes),24.6,1410.5,,415,1295.4,301,1404.4,322,1405.3,,1452.5,2024-07,,308,0.1
343,David Jorda Sanchis (https://www.tennisabstract.com/cgi-bin/player.cgi?p=DavidJordaSanchis),30.2,1410,,364,1341.8,325,1381.9,399,1366,,1482.1,2023-07,,429,-0.22
344,Frederico Ferreira Silva (https://www.tennisabstract.com/cgi-bin/player.cgi?p=FredericoFerreiraSilva),29.8,1409.9,,326,1376.6,322,1382.9,273,1427.5,,1637.2,2021-05,,258,0.29
345,Philip Henning (https://www.tennisabstract.com/cgi-bin/player.cgi?p=PhilipHenning),24.2,1409.6,,275,1423.3,344,1362.2,238,1454.8,,1558.2,2021-09,,345,0
346,Edas Butvilas (https://www.tennisabstract.com/cgi-bin/player.cgi?p=EdasButvilas),20.5,1409.5,,317,1386,305,1401.5,278,1423.7,,1649.9,2024-09,,234,0.39
347,Samuel Vincent Ruggeri (https://www.tennisabstract.com/cgi-bin/player.cgi?p=SamuelVincentRuggeri),22.6,1409.2,,347,1356.2,330,1373.1,323,1404.6,,1497.4,2024-06,,322,0.07
348,Mathias Bourgue (https://www.tennisabstract.com/cgi-bin/player.cgi?p=MathiasBourgue),30.7,1408.5,,301,1402.7,327,1377.9,362,1382.9,,1656.8,2021-03,,524,-0.41
349,Federico Arnaboldi (https://www.tennisabstract.com/cgi-bin/player.cgi?p=FedericoArnaboldi),24.6,1408.5,,385,1319.7,297,1406.3,324,1404.3,,1599.9,2024-08,,214,0.49
350,Nicolas Mejia (https://www.tennisabstract.com/cgi-bin/player.cgi?p=NicolasMejia),25,1408.2,,345,1356.8,282,1419.4,325,1404.1,,1524,2021-07,,201,0.55
351,Luka Mikrut (https://www.tennisabstract.com/cgi-bin/player.cgi?p=LukaMikrut),20.7,1404.1,,368,1336.6,328,1376.3,328,1402.1,,1535.3,2024-06,,391,-0.11
352,Lorenzo Giustino (https://www.tennisabstract.com/cgi-bin/player.cgi?p=LorenzoGiustino),33.3,1402.7,,367,1336.7,318,1392.1,466,1306.7,,1628.9,2019-06,,269,0.27
353,Giovanni Fonio (https://www.tennisabstract.com/cgi-bin/player.cgi?p=GiovanniFonio),26.7,1401.5,,314,1386.6,334,1369.3,333,1400.7,,1527.5,2023-02,,393,-0.11
354,Genaro Alberto Olivieri (https://www.tennisabstract.com/cgi-bin/player.cgi?p=GenaroAlbertoOlivieri),26.5,1401,,398,1304.5,315,1394.3,455,1325.2,,1590.9,2023-08,,325,0.09
355,Aidan Mayo (https://www.tennisabstract.com/cgi-bin/player.cgi?p=AidanMayo),21.7,1399.2,,339,1364.1,391,1323.3,306,1412.5,,1493.7,2024-11,,279,0.24
356,Jonas Forejtek (https://www.tennisabstract.com/cgi-bin/player.cgi?p=JonasForejtek),23.8,1399.1,,373,1332,316,1393.9,365,1381,,1604.2,2022-05,,493,-0.33
357,Moez Echargui (https://www.tennisabstract.com/cgi-bin/player.cgi?p=MoezEchargui),32,1396.4,,335,1369.3,345,1361.4,339,1398.2,,1481.7,2023-06,,495,-0.33
358,Yan Bai (https://www.tennisabstract.com/cgi-bin/player.cgi?p=YanBai),35.6,1394.5,,341,1359,357,1351.8,385,1371.9,,1509,2016-02,,259,0.32
359,Alex Rybakov (https://www.tennisabstract.com/cgi-bin/player.cgi?p=AlexRybakov),28,1393.9,,342,1358.7,356,1352.2,291,1417.4,,1504.7,2023-02,,552,-0.43
360,Jack Pinnington Jones (https://www.tennisabstract.com/cgi-bin/player.cgi?p=JackPinningtonJones),21.9,1391.8,,346,1356.8,403,1305.9,292,1416.9,,1496.8,2024-09,,356,0.01
361,Ivan Gakhov (https://www.tennisabstract.com/cgi-bin/player.cgi?p=IvanGakhov),28.2,1391.8,,410,1298.7,332,1372.1,396,1367.2,,1632.8,2023-05,,313,0.14
362,Jay Clarke (https://www.tennisabstract.com/cgi-bin/player.cgi?p=JayClarke),26.5,1391.4,,344,1356.9,379,1334.3,436,1341.1,,1633.5,2019-04,,294,0.21
363,Francesco Maestrelli (https://www.tennisabstract.com/cgi-bin/player.cgi?p=FrancescoMaestrelli),22.1,1391.3,,323,1379.2,376,1337.4,420,1349.7,,1703.7,2022-07,,260,0.33
364,Clement Tabur (https://www.tennisabstract.com/cgi-bin/player.cgi?p=ClementTabur),25,1390.2,,377,1329.6,347,1359.9,402,1364.6,,1496.1,2023-08,,341,0.07
365,Ryan Peniston (https://www.tennisabstract.com/cgi-bin/player.cgi?p=RyanPeniston),29.1,1389.7,,338,1364.9,394,1320.2,332,1401.7,,1708.4,2022-06,,406,-0.11
366,Gerard Campana Lee (https://www.tennisabstract.com/cgi-bin/player.cgi?p=GerardCampanaLee),20.3,1387.8,,404,1301.5,342,1362.9,342,1393.9,,1451.8,2024-09,,395,-0.08
367,Thai Son Kwiatkowski (https://www.tennisabstract.com/cgi-bin/player.cgi?p=ThaiSonKwiatkowski),29.5,1387.6,,318,1383.7,362,1345.9,476,1283.8,,1634.7,2020-03,,538,-0.38
368,Mika Brunold (https://www.tennisabstract.com/cgi-bin/player.cgi?p=MikaBrunold),20.3,1384.1,,352,1351.2,385,1331.8,345,1392.1,,1485,2023-03,,312,0.17
369,Ernesto Escobedo (https://www.tennisabstract.com/cgi-bin/player.cgi?p=ErnestoEscobedo),28.5,1383.9,,331,1372.4,373,1340.6,449,1333.2,,1757,2017-04,,451,-0.2
370,Jakub Paul (https://www.tennisabstract.com/cgi-bin/player.cgi?p=JakubPaul),25.9,1383.2,,355,1349.7,434,1267.9,346,1391.6,,1422.3,2025-01,,343,0.08
371,Orlando Luz (https://www.tennisabstract.com/cgi-bin/player.cgi?p=OrlandoLuz),27,1382.4,,462,1209.1,323,1382.9,347,1391.2,,1460.6,2021-08,,449,-0.19
372,Raul Brancaccio (https://www.tennisabstract.com/cgi-bin/player.cgi?p=RaulBrancaccio),27.7,1380.7,,350,1353.2,340,1366.6,409,1359.6,,1631.4,2023-01,,457,-0.21
373,Lucas Poullain (https://www.tennisabstract.com/cgi-bin/player.cgi?p=LucasPoullain),29.2,1378.7,,348,1356,425,1283.4,351,1389.3,,1547.5,2023-10,,435,-0.15
374,Matias Soto (https://www.tennisabstract.com/cgi-bin/player.cgi?p=MatiasSoto),25.8,1377.3,,388,1317.3,370,1341.6,356,1388.7,,1450.5,2024-11,,247,0.41
375,Hernan Casanova (https://www.tennisabstract.com/cgi-bin/player.cgi?p=HernanCasanova),30.3,1376.9,,442,1253,333,1369.4,410,1358.2,,1457.5,2022-09,,428,-0.13
376,Matheus Pucinelli De Almeida (https://www.tennisabstract.com/cgi-bin/player.cgi?p=MatheusPucinelliDeAlmeida),23.8,1375.7,,427,1280.8,341,1364.8,354,1388.8,,1633.1,2022-03,,358,0.05
377,Henry Searle (https://www.tennisabstract.com/cgi-bin/player.cgi?p=HenrySearle),18.8,1374.1,,354,1350.1,405,1304.8,404,1364.5,,1435.9,2024-06,,411,-0.09
378,Santiago Fa Rodriguez Taverna (https://www.tennisabstract.com/cgi-bin/player.cgi?p=SantiagoFaRodriguezTaverna),25.5,1374.1,,356,1349.3,339,1368.5,352,1389.2,,1657,2022-01,,304,0.22
379,Alvaro Guillen Meza (https://www.tennisabstract.com/cgi-bin/player.cgi?p=AlvaroGuillenMeza),22,1373.7,,455,1225.3,312,1397.3,358,1386.8,,1536.3,2023-11,,251,0.41
380,Michael Geerts (https://www.tennisabstract.com/cgi-bin/player.cgi?p=MichaelGeerts),30.1,1373.6,,353,1351,365,1343.9,452,1328.5,,1527.5,2023-03,,301,0.23
381,Sandro Kopp (https://www.tennisabstract.com/cgi-bin/player.cgi?p=SandroKopp),24.6,1367,,403,1301.6,361,1348.2,361,1383.5,,1419.6,2024-08,,357,0.07
382,Mohamed Safwat (https://www.tennisabstract.com/cgi-bin/player.cgi?p=MohamedSafwat),34.3,1365.6,,349,1354.8,359,1350.2,348,1390.2,,1629.7,2020-02,,485,-0.24
383,Antoine Bellier (https://www.tennisabstract.com/cgi-bin/player.cgi?p=AntoineBellier),27.9,1364.9,,381,1326.9,422,1284.6,334,1400,,1631.4,2022-07,,670,-0.56
384,Remy Bertola (https://www.tennisabstract.com/cgi-bin/player.cgi?p=RemyBertola),26.4,1364.3,,370,1336.1,428,1277.1,364,1382.1,,1456,2022-10,,281,0.31
385,Martin Damm (https://www.tennisabstract.com/cgi-bin/player.cgi?p=MartinDamm),21,1364.2,,363,1342.5,442,1256.2,197,1492.3,,1761.9,1999-11,,498,-0.26
386,Renzo Olivo (https://www.tennisabstract.com/cgi-bin/player.cgi?p=RenzoOlivo),32.8,1364,,379,1328.7,371,1341.4,418,1351.5,,1651.9,2015-02,,348,0.1
387,Evgeny Karlovskiy (https://www.tennisabstract.com/cgi-bin/player.cgi?p=EvgenyKarlovskiy),30.5,1363.6,,361,1343.6,381,1333.6,390,1370,,1554.7,2019-10,,390,-0.01
388,Nino Serdarusic (https://www.tennisabstract.com/cgi-bin/player.cgi?p=NinoSerdarusic),27.7,1361.6,,362,1343.5,388,1326.6,451,1329,,1557.2,2022-03,,604,-0.44
389,Giles Hussey (https://www.tennisabstract.com/cgi-bin/player.cgi?p=GilesHussey),27.7,1361.6,,399,1303.4,417,1290.8,422,1348.5,,1388.7,2025-02,,374,0.04
390,Joel Schwaerzler (https://www.tennisabstract.com/cgi-bin/player.cgi?p=JoelSchwaerzler),19,1361.1,,421,1287.2,352,1355.9,366,1380.5,,1590.2,2024-05,,307,0.24
391,Mateus Alves (https://www.tennisabstract.com/cgi-bin/player.cgi?p=MateusAlves),24,1360.3,,444,1245.3,349,1358.6,367,1380.2,,1429.8,2024-09,,280,0.33
392,Marvin Moeller (https://www.tennisabstract.com/cgi-bin/player.cgi?p=MarvinMoeller),25.6,1360,,313,1388.4,382,1333.2,270,1430,,1557.5,2021-07,,479,-0.2
393,Michael Vrbensky (https://www.tennisabstract.com/cgi-bin/player.cgi?p=MichaelVrbensky),25.1,1360,,393,1312.7,372,1340.6,368,1380,,1564.9,2021-07,,385,0.02
394,Sasi Kumar Mukund (https://www.tennisabstract.com/cgi-bin/player.cgi?p=SasiKumarMukund),28,1356.7,,374,1331.8,443,1255,434,1342,,1459.4,2019-02,,444,-0.12
395,Ergi Kirkin (https://www.tennisabstract.com/cgi-bin/player.cgi?p=ErgiKirkin),26,1354.7,,394,1310.5,377,1336.2,406,1363.8,,1491.5,2022-05,,300,0.28
396,Pedro Sakamoto (https://www.tennisabstract.com/cgi-bin/player.cgi?p=PedroSakamoto),31.5,1354,,413,1297,360,1349.6,370,1377,,1478.9,2019-05,,338,0.16
397,Robin Bertrand (https://www.tennisabstract.com/cgi-bin/player.cgi?p=RobinBertrand),21.9,1353.7,,378,1329.4,420,1286.8,371,1376.8,,1535.9,2024-07,,268,0.39
398,Ramkumar Ramanathan (https://www.tennisabstract.com/cgi-bin/player.cgi?p=RamkumarRamanathan),30.2,1353.3,,383,1325.2,369,1342.2,359,1384.5,,1606.1,2018-04,,448,-0.12
399,Blake Ellis (https://www.tennisabstract.com/cgi-bin/player.cgi?p=BlakeEllis),26.1,1352.9,,380,1327.4,421,1286.4,372,1376.4,,1479,2018-02,,295,0.3
400,Enrico Dalla Valle (https://www.tennisabstract.com/cgi-bin/player.cgi?p=EnricoDallaValle),26.9,1352.7,,409,1298.9,335,1369.2,373,1376.3,,1516.7,2024-07,,309,0.26
401,Adria Soriano Barrera (https://www.tennisabstract.com/cgi-bin/player.cgi?p=AdriaSorianoBarrera),25.6,1351,,365,1338.7,412,1297.8,375,1375.5,,1378.1,2023-06,,340,0.17
402,Toby Alex Kodat (https://www.tennisabstract.com/cgi-bin/player.cgi?p=TobyAlexKodat),21.8,1349.9,,405,1301.1,397,1312.7,376,1375,,1543.1,2024-05,,361,0.11
403,Juan Carlos Prado Angelo (https://www.tennisabstract.com/cgi-bin/player.cgi?p=JuanCarlosPradoAngelo),19.9,1349.7,,389,1316.9,395,1319.7,377,1374.9,,1451,2024-11,,290,0.33
404,Eliakim Coulibaly (https://www.tennisabstract.com/cgi-bin/player.cgi?p=EliakimCoulibaly),22.8,1349.4,,411,1298.4,374,1337.9,379,1374.7,,1417.7,2024-10,,326,0.21
405,Micah Braswell (https://www.tennisabstract.com/cgi-bin/player.cgi?p=MicahBraswell),23.2,1347.3,,391,1314.6,424,1283.7,383,1373.7,,1403.7,2025-01,,425,-0.05
406,Alexey Zakharov (https://www.tennisabstract.com/cgi-bin/player.cgi?p=AlexeyZakharov),24.7,1346.7,,426,1282.1,309,1398.9,384,1373.4,,1467.2,2024-07,,389,0.04
407,Jules Marie (https://www.tennisabstract.com/cgi-bin/player.cgi?p=JulesMarie),33.3,1346.5,,397,1306.1,408,1301.1,443,1337.1,,1478.9,2024-02,,456,-0.11
408,Gabi Adrian Boitan (https://www.tennisabstract.com/cgi-bin/player.cgi?p=GabiAdrianBoitan),25.2,1343.1,,402,1301.6,346,1360.1,283,1421.5,,1487.8,2022-03,,379,0.07
409,Maximus Jones (https://www.tennisabstract.com/cgi-bin/player.cgi?p=MaximusJones),20.4,1342.7,,386,1319,404,1305.1,386,1371.4,,1414.7,2025-02,,644,-0.45
410,Masamichi Imamura (https://www.tennisabstract.com/cgi-bin/player.cgi?p=MasamichiImamura),26.2,1341.8,,392,1314.1,426,1280.9,387,1370.9,,1381,2024-11,,331,0.21
411,Filip Cristian Jianu (https://www.tennisabstract.com/cgi-bin/player.cgi?p=FilipCristianJianu),23.4,1340.3,,433,1278.1,348,1359.3,349,1389.7,,1616.9,2019-09,,222,0.62
412,Tristan Lamasine (https://www.tennisabstract.com/cgi-bin/player.cgi?p=TristanLamasine),31.8,1339.4,,360,1344.7,413,1294.4,312,1409.2,,1624.9,2015-09,,704,-0.54
413,Garrett Johns (https://www.tennisabstract.com/cgi-bin/player.cgi?p=GarrettJohns),23.9,1339.4,,390,1315.6,427,1279.6,391,1369.7,,1374.1,2024-06,,434,-0.05
414,Christian Langmo (https://www.tennisabstract.com/cgi-bin/player.cgi?p=ChristianLangmo),28.6,1339,,382,1325.9,473,1187,392,1369.5,,1400.3,2023-04,,333,0.22
415,Alejo Lorenzo Lingua Lavallen (https://www.tennisabstract.com/cgi-bin/player.cgi?p=AlejoLorenzoLinguaLavallen),23.3,1338.1,,431,1279,389,1325.5,393,1369,,1435,2024-05,,404,0.03
416,Alexander Weis (https://www.tennisabstract.com/cgi-bin/player.cgi?p=AlexanderWeis),27.3,1337.2,,439,1269.3,399,1310.7,394,1368.6,,1420.3,2023-05,,447,-0.07
417,Jelle Sels (https://www.tennisabstract.com/cgi-bin/player.cgi?p=JelleSels),29.4,1336.7,,371,1335.2,396,1318.7,481,1272.8,,1591.6,2022-11,,367,0.13
418,Maxime Janvier (https://www.tennisabstract.com/cgi-bin/player.cgi?p=MaximeJanvier),28.3,1336,,429,1280,392,1321.5,341,1396,,1582.3,2019-08,,283,0.39
419,Lautaro Midon (https://www.tennisabstract.com/cgi-bin/player.cgi?p=LautaroMidon),20.8,1335.2,,438,1269.7,386,1329,395,1367.6,,1384.3,2024-06,,354,0.17
420,Nikolas Sanchez Izquierdo (https://www.tennisabstract.com/cgi-bin/player.cgi?p=NikolasSanchezIzquierdo),25.8,1334,,452,1236,402,1306.4,397,1367,,1503.6,2022-06,,347,0.19
421,Christoph Negritu (https://www.tennisabstract.com/cgi-bin/player.cgi?p=ChristophNegritu),30.9,1333.9,,400,1302.4,401,1308.8,398,1367,,1430.7,2024-11,,320,0.27
422,Hiroki Moriya (https://www.tennisabstract.com/cgi-bin/player.cgi?p=HirokiMoriya),34.3,1332.1,,407,1299.3,448,1242.7,437,1341,,1569.9,2012-12,,410,0.03
423,Moerani Bouzige (https://www.tennisabstract.com/cgi-bin/player.cgi?p=MoeraniBouzige),25.5,1330.6,,395,1307.6,429,1275.3,400,1365.3,,1408.7,2024-12,,401,0.05
424,Aleksandre Bakshi (https://www.tennisabstract.com/cgi-bin/player.cgi?p=AleksandreBakshi),27.5,1329.3,,406,1299.9,286,1414.7,296,1414.7,,1608.4,2024-07,,469,-0.1
425,Rodrigo Pacheco Mendez (https://www.tennisabstract.com/cgi-bin/player.cgi?p=RodrigoPachecoMendez),19.8,1329.2,,418,1290.5,409,1301,403,1364.6,,1445.2,2024-06,,231,0.61
426,Blaise Bicknell (https://www.tennisabstract.com/cgi-bin/player.cgi?p=BlaiseBicknell),23.2,1327.3,,384,1321.4,410,1300.8,299,1413.6,,1545.2,2024-02,,993,-0.85
427,Daniel Michalski (https://www.tennisabstract.com/cgi-bin/player.cgi?p=DanielMichalski),25.1,1326.8,,357,1346.8,407,1301.6,301,1413.4,,1576.2,2018-07,,334,0.25
428,Corentin Denolly (https://www.tennisabstract.com/cgi-bin/player.cgi?p=CorentinDenolly),27.7,1326.2,,428,1280.3,414,1293.1,407,1363.1,,1412.5,2020-01,,330,0.26
429,Kris Van Wyk (https://www.tennisabstract.com/cgi-bin/player.cgi?p=KrisVanWyk),28.3,1326.1,,387,1318.3,289,1413,304,1413,,1437.9,2024-10,,368,0.15
430,Joao Lucas Reis Da Silva (https://www.tennisabstract.com/cgi-bin/player.cgi?p=JoaoLucasReisDaSilva),24.8,1321,,419,1289,411,1299.9,408,1360.5,,1505.1,2022-10,,426,0.01
431,Felix Gill (https://www.tennisabstract.com/cgi-bin/player.cgi?p=FelixGill),22.2,1319.8,,422,1287.1,406,1303.8,482,1271.2,,1467.6,2024-02,,605,-0.34
432,Marek Gengel (https://www.tennisabstract.com/cgi-bin/player.cgi?p=MarekGengel),29.4,1317.4,,396,1307,461,1215.3,441,1339.7,,1491.1,2023-01,,244,0.57
433,Oliver Crawford (https://www.tennisabstract.com/cgi-bin/player.cgi?p=OliverCrawford),25.3,1317.3,,408,1299.2,418,1290.4,438,1340.4,,1557.7,2023-10,,375,0.14
434,Petr Bar Biryukov (https://www.tennisabstract.com/cgi-bin/player.cgi?p=PetrBarBiryukov),22.9,1315.6,,414,1295.8,435,1267.8,411,1357.8,,1324.4,2025-02,,360,0.19
435,Carlos Sanchez Jover (https://www.tennisabstract.com/cgi-bin/player.cgi?p=CarlosSanchezJover),24.5,1312.5,,449,1239.1,415,1292.9,412,1356.3,,1427.9,2022-03,,265,0.5
436,Kaylan Bigun (https://www.tennisabstract.com/cgi-bin/player.cgi?p=KaylanBigun),18.6,1312.4,,417,1293.9,444,1254.5,413,1356.2,,1340.6,2025-01,,773,-0.57
437,Oleg Prihodko (https://www.tennisabstract.com/cgi-bin/player.cgi?p=OlegPrihodko),27.3,1311,,420,1288.4,450,1242.3,414,1355.5,,1508.8,2021-12,,315,0.33
438,Lukas Pokorny (https://www.tennisabstract.com/cgi-bin/player.cgi?p=LukasPokorny),22.9,1308.4,,401,1302.4,459,1226.7,415,1354.2,,1339.3,2025-02,,436,0
439,Fajing Sun (https://www.tennisabstract.com/cgi-bin/player.cgi?p=FajingSun),28.3,1307.3,,424,1284.4,467,1204.2,416,1353.6,,1335,2024-10,,275,0.47
440,Saba Purtseladze (https://www.tennisabstract.com/cgi-bin/player.cgi?p=SabaPurtseladze),23.4,1306.9,,425,1283.6,458,1227.8,417,1353.4,,1427,2024-09,,421,0.04
441,Bor Artnak (https://www.tennisabstract.com/cgi-bin/player.cgi?p=BorArtnak),20.6,1299.9,,432,1278.7,375,1337.8,335,1399.9,,1586.3,2022-09,,458,-0.04
442,Justin Engel (https://www.tennisabstract.com/cgi-bin/player.cgi?p=JustinEngel),17.4,1295.8,,440,1262.4,431,1274.7,423,1347.9,,1445.5,2024-10,,350,0.23
443,Dane Sweeny (https://www.tennisabstract.com/cgi-bin/player.cgi?p=DaneSweeny),23.9,1295.1,,436,1272.7,465,1208.3,473,1291.2,,1550.1,2022-08,,665,-0.41
444,Strong Kirchheimer (https://www.tennisabstract.com/cgi-bin/player.cgi?p=StrongKirchheimer),29.5,1292.4,,437,1272.2,471,1194.6,424,1346.2,,1361.6,2023-09,,608,-0.31
445,Federico Cina (https://www.tennisabstract.com/cgi-bin/player.cgi?p=FedericoCina),17.6,1290.5,,423,1285.9,462,1213.4,426,1345.2,,1320.1,2024-11,,557,-0.22
446,Guy Den Ouden (https://www.tennisabstract.com/cgi-bin/player.cgi?p=GuyDenOuden),22.8,1290,,469,1184.6,364,1344,428,1345,,1525.5,2024-09,,317,0.34
447,Keegan Smith (https://www.tennisabstract.com/cgi-bin/player.cgi?p=KeeganSmith),26.4,1287.4,,441,1257.6,474,1183.3,430,1343.7,,1399,2019-11,,536,-0.18
448,Ryan Seggerman (https://www.tennisabstract.com/cgi-bin/player.cgi?p=RyanSeggerman),25.5,1287,,446,1244.4,383,1332.5,431,1343.5,,1476.4,2024-08,,405,0.1
449,Franco Roncadelli (https://www.tennisabstract.com/cgi-bin/player.cgi?p=FrancoRoncadelli),24.9,1284.1,,456,1224.1,438,1261.9,433,1342.1,,1390.6,2024-09,,372,0.19
450,Mathys Erhard (https://www.tennisabstract.com/cgi-bin/player.cgi?p=MathysErhard),23.3,1280.1,,445,1244.8,446,1248.1,439,1340,,1355,2023-08,,285,0.46
451,Rigele Te (https://www.tennisabstract.com/cgi-bin/player.cgi?p=RigeleTe),27,1279.5,,450,1238.6,400,1309.9,440,1339.8,,1333.5,2024-05,,597,-0.28
452,Gonzalo Villanueva (https://www.tennisabstract.com/cgi-bin/player.cgi?p=GonzaloVillanueva),30,1275.5,,471,1183.7,430,1275,442,1337.8,,1441.7,2022-05,,438,0.03
453,Daniel Dutra Da Silva (https://www.tennisabstract.com/cgi-bin/player.cgi?p=DanielDutraDaSilva),36.5,1272.8,,457,1221.3,454,1238.6,444,1336.4,,1482.7,2008-09,,318,0.35
454,Guido Ivan Justo (https://www.tennisabstract.com/cgi-bin/player.cgi?p=GuidoIvanJusto),27.1,1272.4,,458,1221.1,439,1260.1,445,1336.2,,1279.5,2024-06,,413,0.09
455,Jose Pereira (https://www.tennisabstract.com/cgi-bin/player.cgi?p=JosePereira),33.7,1270.8,,454,1230.3,441,1256.8,447,1335.4,,1364.5,2022-04,,512,-0.12
456,Roberto Cid (https://www.tennisabstract.com/cgi-bin/player.cgi?p=RobertoCid),31.4,1264.8,,434,1276.5,456,1230.5,446,1336.1,,1570.8,2018-06,,474,-0.04
457,Yusuke Takahashi (https://www.tennisabstract.com/cgi-bin/player.cgi?p=YusukeTakahashi),27.2,1264.1,,447,1240.5,457,1229.1,450,1332,,1446.2,2018-01,,521,-0.13
458,Sebastian Fanselow (https://www.tennisabstract.com/cgi-bin/player.cgi?p=SebastianFanselow),33,1264,,443,1248.5,451,1241.2,462,1314.3,,1565.7,2019-01,,558,-0.2
459,Kaichi Uchida (https://www.tennisabstract.com/cgi-bin/player.cgi?p=KaichiUchida),30.2,1260.2,,448,1240.1,447,1244.6,429,1344.2,,1545.8,2023-02,,370,0.22
460,Charles Broom (https://www.tennisabstract.com/cgi-bin/player.cgi?p=CharlesBroom),26.8,1257.5,,466,1188.1,453,1238.7,421,1349.7,,1515.5,2024-06,,305,0.41
461,Andrea Picchione (https://www.tennisabstract.com/cgi-bin/player.cgi?p=AndreaPicchione),26.7,1253.8,,453,1230.8,449,1242.7,453,1326.9,,1359.2,2024-04,,355,0.26
462,Martin Krumich (https://www.tennisabstract.com/cgi-bin/player.cgi?p=MartinKrumich),21.6,1253.7,,451,1236.9,460,1225.1,454,1326.9,,1344.4,2022-05,,511,-0.1
463,Tomas Farjat (https://www.tennisabstract.com/cgi-bin/player.cgi?p=TomasFarjat),23.7,1249.7,,460,1217.2,445,1253,456,1324.9,,1335.4,2024-08,,465,0
464,Luciano Emanuel Ambrogi (https://www.tennisabstract.com/cgi-bin/player.cgi?p=LucianoEmanuelAmbrogi),21.1,1245.7,,474,1171.5,436,1266.7,457,1322.9,,1398.9,2024-09,,378,0.2
465,Miguel Damas (https://www.tennisabstract.com/cgi-bin/player.cgi?p=MiguelDamas),24.9,1235.8,,459,1218.7,468,1199,459,1317.9,,1305.6,2022-04,,430,0.08
466,Daniel Merida Aguilar (https://www.tennisabstract.com/cgi-bin/player.cgi?p=DanielMeridaAguilar),20.3,1231.6,,479,1154.6,437,1265.3,460,1315.8,,1313.1,2022-04,,339,0.32
467,Bruno Kuzuhara (https://www.tennisabstract.com/cgi-bin/player.cgi?p=BrunoKuzuhara),20.5,1229,,467,1187.2,463,1212,461,1314.5,,1323.6,2024-07,,508,-0.08
468,Lorenzo Joaquin Rodriguez (https://www.tennisabstract.com/cgi-bin/player.cgi?p=LorenzoJoaquinRodriguez),24.8,1228.4,,464,1190.2,452,1241,463,1314.2,,1357.5,2024-04,,462,0.01
469,Naoki Nakagawa (https://www.tennisabstract.com/cgi-bin/player.cgi?p=NaokiNakagawa),28.2,1222.1,,461,1214.2,484,1117.4,464,1311,,1317.4,2024-09,,359,0.27
470,Benjamin Lock (https://www.tennisabstract.com/cgi-bin/player.cgi?p=BenjaminLock),31.7,1211.6,,465,1190,469,1198.3,458,1319.2,,1541.9,2015-07,,321,0.38
471,Vadym Ursu (https://www.tennisabstract.com/cgi-bin/player.cgi?p=VadymUrsu),28,1205.1,,473,1179.8,481,1158.7,479,1281.3,,1257,2024-08,,412,0.13
472,Kasidit Samrej (https://www.tennisabstract.com/cgi-bin/player.cgi?p=KasiditSamrej),24,1201.3,,468,1186.2,470,1197.2,467,1300.7,,1280,2022-09,,418,0.12
473,Pedro Boscardin Dias (https://www.tennisabstract.com/cgi-bin/player.cgi?p=PedroBoscardinDias),21.8,1200.8,,482,1135.8,466,1205,468,1300.4,,1414.7,2022-05,,473,0
474,Valerio Aboian (https://www.tennisabstract.com/cgi-bin/player.cgi?p=ValerioAboian),22.6,1199.4,,478,1158.6,464,1209.6,469,1299.7,,1334,2024-04,,440,0.07
475,Neil Oberleitner (https://www.tennisabstract.com/cgi-bin/player.cgi?p=NeilOberleitner),25.5,1187.1,,472,1180.3,472,1189.8,470,1293.5,,1363.2,2024-07,,427,0.11
476,Nicolas Zanellato (https://www.tennisabstract.com/cgi-bin/player.cgi?p=NicolasZanellato),22.5,1186.6,,463,1203.3,475,1175,471,1293.3,,1383.8,2023-08,,753,-0.46
477,Matthew Dellavedova (https://www.tennisabstract.com/cgi-bin/player.cgi?p=MatthewDellavedova),24.6,1183.4,,475,1170.8,480,1160.1,472,1291.7,,1197.8,2024-01,,387,0.21
478,Kiranpal Pannu (https://www.tennisabstract.com/cgi-bin/player.cgi?p=KiranpalPannu),28,1179.1,,477,1160.9,478,1170.8,474,1289.5,,1361.3,2024-02,,487,-0.02
479,Alexis Gautier (https://www.tennisabstract.com/cgi-bin/player.cgi?p=AlexisGautier),27.7,1178,,483,1117.3,455,1230.7,475,1289,,1509.6,2021-10,,565,-0.17
480,Ryan Nijboer (https://www.tennisabstract.com/cgi-bin/player.cgi?p=RyanNijboer),25.5,1166.3,,476,1162.6,477,1171.9,478,1283.1,,1345.7,2024-05,,400,0.18
481,Yi Zhou (https://www.tennisabstract.com/cgi-bin/player.cgi?p=YiZhou),19.8,1166.3,,480,1153.2,476,1175,477,1283.2,,1358,2024-02,,373,0.25
482,Olukayode Alafia Damina Ayeni (https://www.tennisabstract.com/cgi-bin/player.cgi?p=OlukayodeAlafiaDaminaAyeni),25.4,1153.7,,481,1147.3,482,1145,484,1249.5,,1337.5,2023-01,,496,-0.03
483,Leonardo Aboian (https://www.tennisabstract.com/cgi-bin/player.cgi?p=LeonardoAboian),26.4,1147.6,,470,1183.8,483,1135.8,480,1273.8,,1170.4,2024-06,,578,-0.18
484,Ajeet Rai (https://www.tennisabstract.com/cgi-bin/player.cgi?p=AjeetRai),26,1108.4,,484,1082.9,479,1164.2,483,1254.2,,1292.4,2019-09,,468,0.03
485,Juan Alejandro Hernandez Serrano (https://www.tennisabstract.com/cgi-bin/player.cgi?p=JuanAlejandroHernandezSerrano),25.6,1080.6,,485,1076,485,1075.9,485,1240.3,,1195.4,2019-02,,633,-0.27
